particle	train_fold	layer_index	position_label	position_order	patch_scope	onset_tokens	mean_clean_log_prob_per_token	mean_corrupted_log_prob_per_token	mean_patched_log_prob_per_token	mean_raw_delta_per_token	mean_restoration	mean_restoration_clipped	row_count	source_item_count	site_metric	ranking_score
not	0	15	predict_0	0	hybrid	3	-2.31218880445927	-2.497545362254484	-2.4586827369374973	0.03886262531698591	0.216172200518944	0.2291114321944415	283	14	restoration	0.216172200518944
not	0	17	predict_0	0	hybrid	3	-2.31218880445927	-2.497545362254484	-2.4598646240037505	0.03768073825073287	0.20780905039925218	0.22443655478726024	283	14	restoration	0.20780905039925218
not	0	16	predict_0	0	hybrid	3	-2.31218880445927	-2.497545362254484	-2.4599415545572816	0.037603807697201896	0.2075697085820973	0.22297178895529418	283	14	restoration	0.2075697085820973
not	0	18	predict_0	0	hybrid	3	-2.31218880445927	-2.497545362254484	-2.460046368831363	0.03749899342312051	0.2058591088361464	0.2243190310573126	283	14	restoration	0.2058591088361464
not	0	14	predict_0	0	hybrid	3	-2.31218880445927	-2.497545362254484	-2.4602800976098727	0.037265264644610406	0.2043737146281524	0.21586445505649737	283	14	restoration	0.2043737146281524
not	0	19	predict_0	0	hybrid	3	-2.31218880445927	-2.497545362254484	-2.4605579635161696	0.03698739873831401	0.2041797210993331	0.22359823637564302	283	14	restoration	0.2041797210993331
not	0	20	predict_0	0	hybrid	3	-2.31218880445927	-2.497545362254484	-2.4611466270719835	0.036398735182499656	0.20116424467859537	0.2214534275410758	283	14	restoration	0.20116424467859537
not	0	21	predict_0	0	hybrid	3	-2.31218880445927	-2.497545362254484	-2.4613290357753237	0.036216326479159795	0.19974355196819943	0.2215317450650871	283	14	restoration	0.19974355196819943
not	0	30	predict_0	0	hybrid	3	-2.31218880445927	-2.497545362254484	-2.4617910450547873	0.03575431719969611	0.19952482868907626	0.2271789033641716	283	14	restoration	0.19952482868907626
not	0	31	predict_0	0	hybrid	3	-2.31218880445927	-2.497545362254484	-2.4628028189661966	0.034742543288286805	0.19344960714255705	0.2276612323727378	283	14	restoration	0.19344960714255705
not	0	29	predict_0	0	hybrid	3	-2.31218880445927	-2.497545362254484	-2.4629286893269327	0.03461667292755107	0.19223809872195674	0.219987293440319	283	14	restoration	0.19223809872195674
not	0	22	predict_0	0	hybrid	3	-2.31218880445927	-2.497545362254484	-2.462776057865656	0.03476930438882715	0.19050475784210902	0.21374878515703458	283	14	restoration	0.19050475784210902
not	0	28	predict_0	0	hybrid	3	-2.31218880445927	-2.497545362254484	-2.4632676476069215	0.0342777146475622	0.19029074028508894	0.21776426079910505	283	14	restoration	0.19029074028508894
not	0	23	predict_0	0	hybrid	3	-2.31218880445927	-2.497545362254484	-2.4629973585070593	0.03454800374742449	0.18950145673629443	0.2139581568043272	283	14	restoration	0.18950145673629443
not	0	25	predict_0	0	hybrid	3	-2.31218880445927	-2.497545362254484	-2.463695910371255	0.03384945188322848	0.18604557552816844	0.21034118667255794	283	14	restoration	0.18604557552816844
not	0	26	predict_0	0	hybrid	3	-2.31218880445927	-2.497545362254484	-2.463678695561312	0.033866666693171836	0.18602802383374653	0.2104975327463768	283	14	restoration	0.18602802383374653
not	0	27	predict_0	0	hybrid	3	-2.31218880445927	-2.497545362254484	-2.463952959079178	0.033592403175305416	0.18602104437384265	0.21010906788925224	283	14	restoration	0.18602104437384265
not	0	24	predict_0	0	hybrid	3	-2.31218880445927	-2.497545362254484	-2.4639467190516027	0.03359864320288091	0.18501481661992547	0.209314847365196	283	14	restoration	0.18501481661992547
not	0	13	predict_0	0	hybrid	3	-2.31218880445927	-2.497545362254484	-2.4646653000473155	0.03288006220716792	0.1783069183015646	0.19062147907024843	283	14	restoration	0.1783069183015646
not	0	23	predict_1	1	hybrid	3	-2.31218880445927	-2.497545362254484	-2.470142624727056	0.0274027375274276	0.15881628796307992	0.17200224769652891	283	14	restoration	0.15881628796307992
not	0	24	predict_1	1	hybrid	3	-2.31218880445927	-2.497545362254484	-2.4700725707491564	0.027472791505326933	0.15861435666446927	0.1750547192746717	283	14	restoration	0.15861435666446927
not	0	22	predict_1	1	hybrid	3	-2.31218880445927	-2.497545362254484	-2.4700920803472712	0.02745328190721191	0.15820841296315313	0.1710619430130495	283	14	restoration	0.15820841296315313
not	0	25	predict_1	1	hybrid	3	-2.31218880445927	-2.497545362254484	-2.4708778096540813	0.026667552600401993	0.1526711619754875	0.17258116690619804	283	14	restoration	0.1526711619754875
not	0	26	predict_1	1	hybrid	3	-2.31218880445927	-2.497545362254484	-2.4708289218440567	0.026716440410426468	0.1523715768428723	0.17309150321434585	283	14	restoration	0.1523715768428723
not	0	27	predict_1	1	hybrid	3	-2.31218880445927	-2.497545362254484	-2.4712108044002608	0.026334557854222788	0.15059687958463575	0.17124666326919738	283	14	restoration	0.15059687958463575
not	0	28	predict_1	1	hybrid	3	-2.31218880445927	-2.497545362254484	-2.47135362807085	0.026191734183633276	0.15027307912180904	0.17134421629573163	283	14	restoration	0.15027307912180904
not	0	29	predict_1	1	hybrid	3	-2.31218880445927	-2.497545362254484	-2.471641932573671	0.02590342968081246	0.14871748131981932	0.1699226249643663	283	14	restoration	0.14871748131981932
not	0	20	predict_1	1	hybrid	3	-2.31218880445927	-2.497545362254484	-2.4713234654269547	0.02622189682752898	0.14785912100943924	0.16249362467882156	283	14	restoration	0.14785912100943924
not	0	17	predict_1	1	hybrid	3	-2.31218880445927	-2.497545362254484	-2.4708271833917363	0.026718178862747362	0.1475437160719901	0.16271293793516683	283	14	restoration	0.1475437160719901
not	0	21	predict_1	1	hybrid	3	-2.31218880445927	-2.497545362254484	-2.4716489391445053	0.025896423109977917	0.14715273696472594	0.16260884471898104	283	14	restoration	0.14715273696472594
not	0	19	predict_1	1	hybrid	3	-2.31218880445927	-2.497545362254484	-2.47132570287211	0.02621965938237342	0.14684783281822641	0.1623159752836077	283	14	restoration	0.14684783281822641
not	0	18	predict_1	1	hybrid	3	-2.31218880445927	-2.497545362254484	-2.471079286417917	0.02646607583656663	0.14626299564263806	0.1615390370851639	283	14	restoration	0.14626299564263806
not	0	30	predict_1	1	hybrid	3	-2.31218880445927	-2.497545362254484	-2.4718390181317282	0.025706344122755315	0.14464246179568832	0.16819050447021197	283	14	restoration	0.14464246179568832
not	0	31	predict_1	1	hybrid	3	-2.31218880445927	-2.497545362254484	-2.4723562425568892	0.025189119697593902	0.14173002965838605	0.16817023863181332	283	14	restoration	0.14173002965838605
not	0	16	predict_1	1	hybrid	3	-2.31218880445927	-2.497545362254484	-2.4711861879983794	0.026359174256104182	0.14068547108354557	0.15691169942395206	283	14	restoration	0.14068547108354557
not	0	29	predict_2	2	hybrid	3	-2.297772194074302	-2.4835316298990113	-2.456002877283955	0.027528752615056086	0.13626767092505251	0.15936104198571566	280	14	restoration	0.13626767092505251
not	0	27	predict_2	2	hybrid	3	-2.297772194074302	-2.4835316298990113	-2.4556382177432092	0.027893412155802013	0.13595602557323516	0.15867687071267997	280	14	restoration	0.13595602557323516
not	0	28	predict_2	2	hybrid	3	-2.297772194074302	-2.4835316298990113	-2.4559799622048843	0.02755166769412681	0.1354353982960124	0.159275253630321	280	14	restoration	0.1354353982960124
not	0	30	predict_2	2	hybrid	3	-2.297772194074302	-2.4835316298990113	-2.4561482373330272	0.027383392565984207	0.13512727343495465	0.15933188433153775	280	14	restoration	0.13512727343495465
not	0	26	predict_2	2	hybrid	3	-2.297772194074302	-2.4835316298990113	-2.455931419877826	0.02760021002118482	0.1341772186391525	0.15667964413647123	280	14	restoration	0.1341772186391525
not	0	31	predict_2	2	hybrid	3	-2.297772194074302	-2.4835316298990113	-2.4565400878846333	0.02699154201437775	0.13296764401604658	0.15979969689837945	280	14	restoration	0.13296764401604658
not	0	25	predict_2	2	hybrid	3	-2.297772194074302	-2.4835316298990113	-2.4561085225237664	0.027423107375244872	0.13160153295719418	0.15418472847163628	280	14	restoration	0.13160153295719418
not	0	18	predict_2	2	hybrid	3	-2.297772194074302	-2.4835316298990113	-2.4552184256011076	0.028313204297903186	0.1305859174448883	0.14902603572218065	280	14	restoration	0.1305859174448883
not	0	20	predict_2	2	hybrid	3	-2.297772194074302	-2.4835316298990113	-2.455453393571719	0.028078236327292127	0.12995115833077192	0.1508232051275397	280	14	restoration	0.12995115833077192
not	0	17	predict_2	2	hybrid	3	-2.297772194074302	-2.4835316298990113	-2.4553582833299687	0.028173346569041992	0.12991845699116095	0.14693540676469838	280	14	restoration	0.12991845699116095
not	0	15	predict_2	2	hybrid	3	-2.297772194074302	-2.4835316298990113	-2.4555499271443355	0.027981702754675847	0.12986281242801248	0.14481689780875648	280	14	restoration	0.12986281242801248
not	0	24	predict_2	2	hybrid	3	-2.297772194074302	-2.4835316298990113	-2.4561978880627398	0.027333741836271252	0.12881855580001927	0.15207733205008167	280	14	restoration	0.12881855580001927
not	0	19	predict_2	2	hybrid	3	-2.297772194074302	-2.4835316298990113	-2.4555494721462763	0.027982157752734795	0.12835671687779768	0.14850792582674371	280	14	restoration	0.12835671687779768
not	0	16	predict_2	2	hybrid	3	-2.297772194074302	-2.4835316298990113	-2.4556606335179896	0.027870996381021817	0.12828644894617233	0.14233212799249323	280	14	restoration	0.12828644894617233
not	0	23	predict_2	2	hybrid	3	-2.297772194074302	-2.4835316298990113	-2.456216107737555	0.02731552216145614	0.12808748174760673	0.15087710151001368	280	14	restoration	0.12808748174760673
not	0	21	predict_2	2	hybrid	3	-2.297772194074302	-2.4835316298990113	-2.4562265156531344	0.02730511424587685	0.12680397737359972	0.15022280257889742	280	14	restoration	0.12680397737359972
not	0	22	predict_2	2	hybrid	3	-2.297772194074302	-2.4835316298990113	-2.4563401038798425	0.027191526019168414	0.1265586867240505	0.15009894729211323	280	14	restoration	0.1265586867240505
not	0	14	predict_2	2	hybrid	3	-2.297772194074302	-2.4835316298990113	-2.457054848197361	0.02647678170165036	0.1246203771447536	0.1367894946162633	280	14	restoration	0.1246203771447536
not	0	12	predict_0	0	hybrid	3	-2.31218880445927	-2.497545362254484	-2.4757805794855416	0.021764782768941397	0.12380355627490193	0.13884732360671917	283	14	restoration	0.12380355627490193
not	0	15	predict_1	1	hybrid	3	-2.31218880445927	-2.497545362254484	-2.4736048345900836	0.023940527664399722	0.1225835027374168	0.136213143313853	283	14	restoration	0.1225835027374168
not	0	13	predict_2	2	hybrid	3	-2.297772194074302	-2.4835316298990113	-2.4593899418816463	0.024141688017364927	0.1155978883075481	0.12623040203855462	280	14	restoration	0.1155978883075481
not	0	14	predict_1	1	hybrid	3	-2.31218880445927	-2.497545362254484	-2.4755511283965164	0.021994233857967206	0.10827078323496164	0.12230044946239087	283	14	restoration	0.10827078323496164
not	0	13	predict_1	1	hybrid	3	-2.31218880445927	-2.497545362254484	-2.4786012584279473	0.01894410382653619	0.09022275412175863	0.10570038718163867	283	14	restoration	0.09022275412175863
not	0	12	predict_2	2	hybrid	3	-2.297772194074302	-2.4835316298990113	-2.4647046953512977	0.01882693454771323	0.08575564206478326	0.09608956217253216	280	14	restoration	0.08575564206478326
not	0	11	predict_0	0	hybrid	3	-2.31218880445927	-2.497545362254484	-2.484067515255134	0.013477846999349433	0.08030379210450722	0.09554823565404516	283	14	restoration	0.08030379210450722
not	0	11	predict_2	2	hybrid	3	-2.297772194074302	-2.4835316298990113	-2.4692226551951864	0.014308974703824378	0.06845285062287614	0.07867140060278169	280	14	restoration	0.06845285062287614
not	0	12	predict_1	1	hybrid	3	-2.31218880445927	-2.497545362254484	-2.4847035174114227	0.012841844843060687	0.06810868806417694	0.08295204815939526	283	14	restoration	0.06810868806417694
not	0	10	predict_0	0	hybrid	3	-2.31218880445927	-2.497545362254484	-2.487674852739661	0.009870509514822682	0.057723157596665166	0.07519639910743321	283	14	restoration	0.057723157596665166
not	0	10	predict_2	2	hybrid	3	-2.297772194074302	-2.4835316298990113	-2.4718039589526533	0.011727670946357672	0.05484265846957058	0.06419175564793397	280	14	restoration	0.05484265846957058
not	0	30	predict_last	3	hybrid	3	-2.2627204880773117	-2.446530729270947	-2.437268569300652	0.00926215997029467	0.046526236925258604	0.06998738516038064	270	14	restoration	0.046526236925258604
not	0	24	predict_last	3	hybrid	3	-2.2627204880773117	-2.446530729270947	-2.437448184722087	0.00908254454885979	0.04628568278404262	0.06862389328044513	270	14	restoration	0.04628568278404262
not	0	31	predict_last	3	hybrid	3	-2.2627204880773117	-2.446530729270947	-2.437469722903034	0.009061006367913188	0.045885093633579115	0.07153244330144151	270	14	restoration	0.045885093633579115
not	0	28	predict_last	3	hybrid	3	-2.2627204880773117	-2.446530729270947	-2.4374497717975308	0.009080957473416196	0.045720756821656015	0.0689962604414465	270	14	restoration	0.045720756821656015
not	0	29	predict_last	3	hybrid	3	-2.2627204880773117	-2.446530729270947	-2.437474152050817	0.00905657722012979	0.04551502094756475	0.06909594225004269	270	14	restoration	0.04551502094756475
not	0	27	predict_last	3	hybrid	3	-2.2627204880773117	-2.446530729270947	-2.437507799127602	0.009022930143344618	0.04526353252611204	0.0690538884993634	270	14	restoration	0.04526353252611204
not	0	11	predict_1	1	hybrid	3	-2.31218880445927	-2.497545362254484	-2.4898344637526058	0.0077108985018777025	0.04472085997533066	0.06055793121411936	283	14	restoration	0.04472085997533066
not	0	26	predict_last	3	hybrid	3	-2.2627204880773117	-2.446530729270947	-2.43782563248185	0.008705096789096735	0.042933870418914936	0.06744187508839526	270	14	restoration	0.042933870418914936
not	0	9	predict_0	0	hybrid	3	-2.31218880445927	-2.497545362254484	-2.4906815587963296	0.006863803458153828	0.041740381518048715	0.06123499929127141	283	14	restoration	0.041740381518048715
not	0	25	predict_last	3	hybrid	3	-2.2627204880773117	-2.446530729270947	-2.437968738368206	0.008561990902741021	0.04145603818192473	0.06656778251041591	270	14	restoration	0.04145603818192473
not	0	9	predict_2	2	hybrid	3	-2.297772194074302	-2.4835316298990113	-2.4755561121187566	0.007975517780254269	0.03751100369475973	0.04703469224116254	280	14	restoration	0.03751100369475973
not	0	23	predict_last	3	hybrid	3	-2.2627204880773117	-2.446530729270947	-2.4386561643665523	0.00787456490439447	0.036184274284468576	0.059427304959452656	270	14	restoration	0.036184274284468576
not	0	22	predict_last	3	hybrid	3	-2.2627204880773117	-2.446530729270947	-2.4386482439632005	0.007882485307746412	0.03616466461243432	0.058910350586578	270	14	restoration	0.03616466461243432
not	0	19	predict_last	3	hybrid	3	-2.2627204880773117	-2.446530729270947	-2.439289673371067	0.00724105589988007	0.03401596662780109	0.056630646711141264	270	14	restoration	0.03401596662780109
not	0	20	predict_last	3	hybrid	3	-2.2627204880773117	-2.446530729270947	-2.4393428361613867	0.0071878931095601594	0.03285424621855972	0.05567520204758109	270	14	restoration	0.03285424621855972
not	0	10	predict_1	1	hybrid	3	-2.31218880445927	-2.497545362254484	-2.491472851688318	0.006072510566165602	0.03278440040817312	0.04947055143691851	283	14	restoration	0.03278440040817312
not	0	21	predict_last	3	hybrid	3	-2.2627204880773117	-2.446530729270947	-2.439335176646385	0.007195552624561857	0.03247618128221917	0.056089864190596805	270	14	restoration	0.03247618128221917
not	0	18	predict_last	3	hybrid	3	-2.2627204880773117	-2.446530729270947	-2.43959174620286	0.0069389830680868635	0.031565683830236405	0.05349122137037867	270	14	restoration	0.031565683830236405
not	0	17	predict_last	3	hybrid	3	-2.2627204880773117	-2.446530729270947	-2.4398347561678952	0.006695973103051317	0.03061652571481845	0.052397103426377975	270	14	restoration	0.03061652571481845
not	0	8	predict_0	0	hybrid	3	-2.31218880445927	-2.497545362254484	-2.4932994255226513	0.004245936731831804	0.029088386703808537	0.04319104474187057	283	14	restoration	0.029088386703808537
not	0	16	predict_last	3	hybrid	3	-2.2627204880773117	-2.446530729270947	-2.4401491604326915	0.006381568838255745	0.028005686293373085	0.04909401298842335	270	14	restoration	0.028005686293373085
not	0	8	predict_2	2	hybrid	3	-2.297772194074302	-2.4835316298990113	-2.4773623780267013	0.0061692518723094275	0.027173159343567906	0.03596903880792533	280	14	restoration	0.027173159343567906
not	0	7	predict_2	2	hybrid	3	-2.297772194074302	-2.4835316298990113	-2.4787654860602037	0.004766143838807427	0.021273546199716425	0.028543574963241256	280	14	restoration	0.021273546199716425
not	0	9	predict_1	1	hybrid	3	-2.31218880445927	-2.497545362254484	-2.494186110438703	0.0033592518157806736	0.020059535359126968	0.03790597037995648	283	14	restoration	0.020059535359126968
not	0	7	predict_0	0	hybrid	3	-2.31218880445927	-2.497545362254484	-2.494709432296504	0.002835929957979094	0.018489029622995392	0.029980057508253617	283	14	restoration	0.018489029622995392
not	0	8	predict_1	1	hybrid	3	-2.31218880445927	-2.497545362254484	-2.4949260351216087	0.0026193271328744487	0.017722552594401555	0.031097119979636312	283	14	restoration	0.017722552594401555
not	0	6	predict_0	0	hybrid	3	-2.31218880445927	-2.497545362254484	-2.495057431871944	0.0024879303825394894	0.017696857485366868	0.026191731283062132	283	14	restoration	0.017696857485366868
not	0	5	predict_0	0	hybrid	3	-2.31218880445927	-2.497545362254484	-2.4956093328601816	0.0019360293943015288	0.01491285363161679	0.023107475223625575	283	14	restoration	0.01491285363161679
not	0	5	predict_1	1	hybrid	3	-2.31218880445927	-2.497545362254484	-2.49535835099316	0.0021870112613240488	0.014732513229014416	0.022726871009089707	283	14	restoration	0.014732513229014416
not	0	6	predict_2	2	hybrid	3	-2.297772194074302	-2.4835316298990113	-2.4804886202414345	0.0030430096575764357	0.014643772277272597	0.02078752342281989	280	14	restoration	0.014643772277272597
not	0	7	predict_1	1	hybrid	3	-2.31218880445927	-2.497545362254484	-2.495461025969989	0.002084336284494115	0.01275674112889583	0.025196804947242028	283	14	restoration	0.01275674112889583
not	0	6	predict_1	1	hybrid	3	-2.31218880445927	-2.497545362254484	-2.4952482243364265	0.0022971379180567212	0.01244692898894167	0.023091755200934205	283	14	restoration	0.01244692898894167
not	0	15	predict_last	3	hybrid	3	-2.2627204880773117	-2.446530729270947	-2.442379350521186	0.0041513787497605295	0.011577096901733074	0.03142338732684902	270	14	restoration	0.011577096901733074
not	0	5	predict_2	2	hybrid	3	-2.297772194074302	-2.4835316298990113	-2.4812017333400105	0.002329896559000688	0.011053276764564133	0.016823191044661297	280	14	restoration	0.011053276764564133
not	0	14	predict_last	3	hybrid	3	-2.2627204880773117	-2.446530729270947	-2.4425804179764925	0.003950311294454567	0.009573626134360871	0.028546748094917074	270	14	restoration	0.009573626134360871
not	0	13	predict_last	3	hybrid	3	-2.2627204880773117	-2.446530729270947	-2.442907730145357	0.0036229991255896797	0.008251421990402647	0.02570668424396816	270	14	restoration	0.008251421990402647
not	0	3	predict_1	1	hybrid	3	-2.31218880445927	-2.497545362254484	-2.4964179217866715	0.001127440467812208	0.007571929584868236	0.012800616359399372	283	14	restoration	0.007571929584868236
not	0	4	predict_1	1	hybrid	3	-2.31218880445927	-2.497545362254484	-2.496436987793296	0.0011083744611869433	0.007559156313188255	0.01659417667456759	283	14	restoration	0.007559156313188255
not	0	4	predict_0	0	hybrid	3	-2.31218880445927	-2.497545362254484	-2.4967640062399186	0.0007813560145646084	0.007305442797225469	0.014200787780223285	283	14	restoration	0.007305442797225469
not	0	12	predict_last	3	hybrid	3	-2.2627204880773117	-2.446530729270947	-2.443226182383416	0.003304546887530765	0.006923529693118481	0.021939219732265317	270	14	restoration	0.006923529693118481
not	0	4	predict_2	2	hybrid	3	-2.297772194074302	-2.4835316298990113	-2.4825735643499947	0.0009580655490166473	0.00597088451216835	0.01170337041577736	280	14	restoration	0.00597088451216835
not	0	10	predict_last	3	hybrid	3	-2.2627204880773117	-2.446530729270947	-2.4438044492489226	0.002726280022024335	0.005327471835176968	0.01338646099414108	270	14	restoration	0.005327471835176968
not	0	3	predict_2	2	hybrid	3	-2.297772194074302	-2.4835316298990113	-2.4827643925783582	0.0007672373206525266	0.0049770852002854245	0.009948918561390891	280	14	restoration	0.0049770852002854245
not	0	3	predict_0	0	hybrid	3	-2.31218880445927	-2.497545362254484	-2.4971843760140557	0.0003609862404276649	0.0045158558288217006	0.009934106521745706	283	14	restoration	0.0045158558288217006
not	0	2	predict_1	1	hybrid	3	-2.31218880445927	-2.497545362254484	-2.4970021809152487	0.000543181339234865	0.004180536907373367	0.008514421527072458	283	14	restoration	0.004180536907373367
not	0	9	predict_last	3	hybrid	3	-2.2627204880773117	-2.446530729270947	-2.4445638343684712	0.001966894902475167	0.00353968351266338	0.009709774291212572	270	14	restoration	0.00353968351266338
not	0	11	predict_last	3	hybrid	3	-2.2627204880773117	-2.446530729270947	-2.4439013588222527	0.0026293704486942825	0.003330026864162679	0.014357523495565261	270	14	restoration	0.003330026864162679
not	0	2	predict_2	2	hybrid	3	-2.297772194074302	-2.4835316298990113	-2.48316876628548	0.0003628636135310541	0.002874133028900493	0.00726607321455626	280	14	restoration	0.002874133028900493
not	0	8	predict_last	3	hybrid	3	-2.2627204880773117	-2.446530729270947	-2.444978704343306	0.001552024927640795	0.002608086200365752	0.008405382354951413	270	14	restoration	0.002608086200365752
not	0	2	predict_0	0	hybrid	3	-2.31218880445927	-2.497545362254484	-2.497428866107073	0.0001164961474101382	0.002052512406378846	0.006253126103167074	283	14	restoration	0.002052512406378846
not	0	1	predict_2	2	hybrid	3	-2.297772194074302	-2.4835316298990113	-2.483360207731214	0.00017142216779695912	0.0018517589942202532	0.005204635976441975	280	14	restoration	0.0018517589942202532
not	0	1	predict_0	0	hybrid	3	-2.31218880445927	-2.497545362254484	-2.4974493880653	9.597418918348848e-05	0.0015967406893484472	0.006107733469808275	283	14	restoration	0.0015967406893484472
not	0	0	predict_2	2	hybrid	3	-2.297772194074302	-2.4835316298990113	-2.4834337118687686	9.791803024251525e-05	0.0014931842100133865	0.005159917474610451	280	14	restoration	0.0014931842100133865
not	0	1	predict_1	1	hybrid	3	-2.31218880445927	-2.497545362254484	-2.4974671502236943	7.82120307894242e-05	0.0008165986901707792	0.005691958509108121	283	14	restoration	0.0008165986901707792
not	0	0	predict_1	1	hybrid	3	-2.31218880445927	-2.497545362254484	-2.497488184445143	5.7177809340298425e-05	0.0007844178964775149	0.004976076791968778	283	14	restoration	0.0007844178964775149
not	0	7	predict_last	3	hybrid	3	-2.2627204880773117	-2.446530729270947	-2.445970141674011	0.0005605875969356653	0.0007729416406698341	0.004883384694803706	270	14	restoration	0.0007729416406698341
not	0	0	predict_0	0	hybrid	3	-2.31218880445927	-2.497545362254484	-2.497522095703592	2.326655089092859e-05	0.0007393181717198483	0.005517497259460625	283	14	restoration	0.0007393181717198483
not	0	5	predict_last	3	hybrid	3	-2.2627204880773117	-2.446530729270947	-2.4464038727067203	0.00012685656422659254	0.0007001244296964561	0.0038143894978626323	270	14	restoration	0.0007001244296964561
not	0	6	predict_last	3	hybrid	3	-2.2627204880773117	-2.446530729270947	-2.446484581149927	4.614812101951725e-05	0.0006061134230501465	0.004373187509353787	270	14	restoration	0.0006061134230501465
not	0	1	predict_last	3	hybrid	3	-2.2627204880773117	-2.446530729270947	-2.446475050552274	5.567871867256533e-05	0.00043939052313018116	0.0019703647546768254	270	14	restoration	0.00043939052313018116
not	0	0	predict_last	3	hybrid	3	-2.2627204880773117	-2.446530729270947	-2.4465480332119145	-1.730394096782625e-05	-0.00012386816846396247	0.001230050032742314	270	14	restoration	-0.00012386816846396247
not	0	3	predict_last	3	hybrid	3	-2.2627204880773117	-2.446530729270947	-2.446597652177443	-6.692290649602181e-05	-0.00026119325630402776	0.0021136286339066388	270	14	restoration	-0.00026119325630402776
not	0	2	predict_last	3	hybrid	3	-2.2627204880773117	-2.446530729270947	-2.446659509872764	-0.0001287806018174562	-0.0005549889121206983	0.0016497141895199967	270	14	restoration	-0.0005549889121206983
not	0	4	predict_last	3	hybrid	3	-2.2627204880773117	-2.446530729270947	-2.4466960544365883	-0.0001653251656410862	-0.0008734654533908627	0.0022329692822519987	270	14	restoration	-0.0008734654533908627
not	1	14	predict_0	0	hybrid	3	-2.0641998149170817	-2.218325498436547	-2.193370018076499	0.024955480360048212	0.18178354114647918	0.18863607750083616	217	14	restoration	0.18178354114647918
not	1	15	predict_0	0	hybrid	3	-2.0641998149170817	-2.218325498436547	-2.1940635082741045	0.024261990162442397	0.1803125491464205	0.1875828063980063	217	14	restoration	0.1803125491464205
not	1	16	predict_0	0	hybrid	3	-2.0641998149170817	-2.218325498436547	-2.195546981582219	0.02277851685432783	0.17143244197841673	0.18166022540083065	217	14	restoration	0.17143244197841673
not	1	25	predict_1	1	hybrid	3	-2.0641998149170817	-2.218325498436547	-2.1947198291060053	0.0236056693305417	0.1657498707496691	0.18561640853137407	217	14	restoration	0.1657498707496691
not	1	26	predict_1	1	hybrid	3	-2.0641998149170817	-2.218325498436547	-2.1949437481579634	0.02338175027858329	0.1645583688865612	0.1846717915649472	217	14	restoration	0.1645583688865612
not	1	27	predict_1	1	hybrid	3	-2.0641998149170817	-2.218325498436547	-2.1951518606320763	0.02317363780447017	0.16412175756127895	0.1840565036591794	217	14	restoration	0.16412175756127895
not	1	13	predict_0	0	hybrid	3	-2.0641998149170817	-2.218325498436547	-2.1959118808875435	0.022413617549003433	0.16410464520913995	0.16938715391423295	217	14	restoration	0.16410464520913995
not	1	29	predict_1	1	hybrid	3	-2.0641998149170817	-2.218325498436547	-2.195150927452731	0.02317457098381575	0.16340752413381016	0.18394585804884914	217	14	restoration	0.16340752413381016
not	1	24	predict_1	1	hybrid	3	-2.0641998149170817	-2.218325498436547	-2.1950010922302785	0.023324406206268296	0.16240542981098574	0.18150917573866046	217	14	restoration	0.16240542981098574
not	1	28	predict_1	1	hybrid	3	-2.0641998149170817	-2.218325498436547	-2.1952884553190466	0.02303704311750036	0.16209816574875452	0.1820929844523729	217	14	restoration	0.16209816574875452
not	1	30	predict_1	1	hybrid	3	-2.0641998149170817	-2.218325498436547	-2.1954152927794968	0.022910205657049758	0.16107727980573788	0.18091117737647514	217	14	restoration	0.16107727980573788
not	1	22	predict_1	1	hybrid	3	-2.0641998149170817	-2.218325498436547	-2.1954395652700653	0.022885933166481267	0.15847719769908902	0.17611517829349374	217	14	restoration	0.15847719769908902
not	1	23	predict_1	1	hybrid	3	-2.0641998149170817	-2.218325498436547	-2.1955210957679916	0.022804402668555324	0.15843647146838882	0.17708863472065045	217	14	restoration	0.15843647146838882
not	1	31	predict_1	1	hybrid	3	-2.0641998149170817	-2.218325498436547	-2.195848093110961	0.02247740532558588	0.1584115298046236	0.17914925128158057	217	14	restoration	0.1584115298046236
not	1	17	predict_0	0	hybrid	3	-2.0641998149170817	-2.218325498436547	-2.197780315763531	0.020545182673015756	0.15551353451901004	0.16873129136093248	217	14	restoration	0.15551353451901004
not	1	19	predict_1	1	hybrid	3	-2.0641998149170817	-2.218325498436547	-2.1965274196533806	0.021798078783166384	0.1521765780413427	0.1662515277575822	217	14	restoration	0.1521765780413427
not	1	21	predict_1	1	hybrid	3	-2.0641998149170817	-2.218325498436547	-2.1962691096213867	0.022056388815160023	0.1513876338209455	0.1684240002995652	217	14	restoration	0.1513876338209455
not	1	20	predict_1	1	hybrid	3	-2.0641998149170817	-2.218325498436547	-2.196530989033517	0.021794509403029655	0.15129515665684926	0.16659896681325723	217	14	restoration	0.15129515665684926
not	1	18	predict_1	1	hybrid	3	-2.0641998149170817	-2.218325498436547	-2.196552607229125	0.021772891207421905	0.150728013794504	0.16306810514282694	217	14	restoration	0.150728013794504
not	1	18	predict_0	0	hybrid	3	-2.0641998149170817	-2.218325498436547	-2.198579680985028	0.019745817451518956	0.14917944038053393	0.1640551139457201	217	14	restoration	0.14917944038053393
not	1	16	predict_1	1	hybrid	3	-2.0641998149170817	-2.218325498436547	-2.197259495877994	0.02106600255855261	0.148567865004314	0.15793109706139877	217	14	restoration	0.148567865004314
not	1	17	predict_1	1	hybrid	3	-2.0641998149170817	-2.218325498436547	-2.197065751147385	0.021259747289161884	0.14748230277973112	0.15897518698525914	217	14	restoration	0.14748230277973112
not	1	15	predict_1	1	hybrid	3	-2.0641998149170817	-2.218325498436547	-2.1977357526197947	0.020589745816752127	0.14705605568884278	0.15510128987761726	217	14	restoration	0.14705605568884278
not	1	20	predict_0	0	hybrid	3	-2.0641998149170817	-2.218325498436547	-2.1991607655261456	0.019164732910401355	0.1460701695606666	0.16134261247576678	217	14	restoration	0.1460701695606666
not	1	19	predict_0	0	hybrid	3	-2.0641998149170817	-2.218325498436547	-2.199014616211447	0.01931088222509981	0.145848466607033	0.161859213169186	217	14	restoration	0.145848466607033
not	1	21	predict_0	0	hybrid	3	-2.0641998149170817	-2.218325498436547	-2.199948798411824	0.01837670002472308	0.14003922197641241	0.1570229082200389	217	14	restoration	0.14003922197641241
not	1	14	predict_1	1	hybrid	3	-2.0641998149170817	-2.218325498436547	-2.199516227008213	0.018809271428333364	0.13418605247842372	0.14263083010290253	217	14	restoration	0.13418605247842372
not	1	22	predict_0	0	hybrid	3	-2.0641998149170817	-2.218325498436547	-2.2009620930315497	0.017363405404997343	0.13367681585086075	0.15095628878555342	217	14	restoration	0.13367681585086075
not	1	23	predict_0	0	hybrid	3	-2.0641998149170817	-2.218325498436547	-2.201229845683115	0.017095652753431428	0.1315134541742444	0.15113302134610146	217	14	restoration	0.1315134541742444
not	1	13	predict_1	1	hybrid	3	-2.0641998149170817	-2.218325498436547	-2.2011127595633355	0.017212738873211116	0.12444299976994468	0.13258186478767306	217	14	restoration	0.12444299976994468
not	1	12	predict_0	0	hybrid	3	-2.0641998149170817	-2.218325498436547	-2.2014334437208225	0.016892054715724216	0.12134674879623518	0.12430479520575476	217	14	restoration	0.12134674879623518
not	1	24	predict_0	0	hybrid	3	-2.0641998149170817	-2.218325498436547	-2.2025850348811487	0.015740463555398283	0.11946043036037386	0.13932247808871526	217	14	restoration	0.11946043036037386
not	1	25	predict_0	0	hybrid	3	-2.0641998149170817	-2.218325498436547	-2.2040140444929244	0.014311453943622602	0.1076711890538794	0.13005973136894125	217	14	restoration	0.1076711890538794
not	1	27	predict_0	0	hybrid	3	-2.0641998149170817	-2.218325498436547	-2.2039299804878847	0.0143955179486622	0.10686303742577355	0.1301454214898145	217	14	restoration	0.10686303742577355
not	1	26	predict_0	0	hybrid	3	-2.0641998149170817	-2.218325498436547	-2.204128022242091	0.014197476194455477	0.10610029391942663	0.12917303487603027	217	14	restoration	0.10610029391942663
not	1	30	predict_0	0	hybrid	3	-2.0641998149170817	-2.218325498436547	-2.204161181971838	0.014164316464708547	0.1026357720494899	0.1344555385107648	217	14	restoration	0.1026357720494899
not	1	12	predict_1	1	hybrid	3	-2.0641998149170817	-2.218325498436547	-2.2044430476415995	0.013882450794947343	0.10239303631888504	0.1092250099667931	217	14	restoration	0.10239303631888504
not	1	28	predict_0	0	hybrid	3	-2.0641998149170817	-2.218325498436547	-2.204418241410097	0.013907257026450195	0.10219029902244046	0.13146737721407192	217	14	restoration	0.10219029902244046
not	1	29	predict_0	0	hybrid	3	-2.0641998149170817	-2.218325498436547	-2.2050551588036664	0.013270339632880284	0.09529336056903863	0.12634552351421374	217	14	restoration	0.09529336056903863
not	1	31	predict_2	2	hybrid	3	-2.046526215384442	-2.1998232205824233	-2.184359410023668	0.0154638105587549	0.09388693761776465	0.11401251362603117	214	14	restoration	0.09388693761776465
not	1	30	predict_2	2	hybrid	3	-2.046526215384442	-2.1998232205824233	-2.184660671870517	0.015162548711905874	0.09150432736830887	0.111718460513566	214	14	restoration	0.09150432736830887
not	1	31	predict_0	0	hybrid	3	-2.0641998149170817	-2.218325498436547	-2.206078316991205	0.012247181445341706	0.09140726444488502	0.12922849830487054	217	14	restoration	0.09140726444488502
not	1	29	predict_2	2	hybrid	3	-2.046526215384442	-2.1998232205824233	-2.1851297578448983	0.014693462737524685	0.08740788741736434	0.10826736167968012	214	14	restoration	0.08740788741736434
not	1	28	predict_2	2	hybrid	3	-2.046526215384442	-2.1998232205824233	-2.185127481928839	0.014695738653583996	0.08677034952573667	0.10796597899418196	214	14	restoration	0.08677034952573667
not	1	26	predict_2	2	hybrid	3	-2.046526215384442	-2.1998232205824233	-2.18525990716198	0.014563313420443372	0.08664525010744786	0.10691488041322503	214	14	restoration	0.08664525010744786
not	1	27	predict_2	2	hybrid	3	-2.046526215384442	-2.1998232205824233	-2.185495138047929	0.014328082534493912	0.08504999341542528	0.10505948146817766	214	14	restoration	0.08504999341542528
not	1	25	predict_2	2	hybrid	3	-2.046526215384442	-2.1998232205824233	-2.1856339566038145	0.014189263978608686	0.08240609859507089	0.10208086067423693	214	14	restoration	0.08240609859507089
not	1	20	predict_2	2	hybrid	3	-2.046526215384442	-2.1998232205824233	-2.186219543981379	0.01360367660104424	0.08032836758165074	0.09720324627725584	214	14	restoration	0.08032836758165074
not	1	22	predict_2	2	hybrid	3	-2.046526215384442	-2.1998232205824233	-2.1860435443795874	0.013779676202835654	0.07990744994921904	0.09772749303513759	214	14	restoration	0.07990744994921904
not	1	24	predict_2	2	hybrid	3	-2.046526215384442	-2.1998232205824233	-2.186145996905714	0.013677223676708903	0.07945026992070663	0.09820652026926101	214	14	restoration	0.07945026992070663
not	1	23	predict_2	2	hybrid	3	-2.046526215384442	-2.1998232205824233	-2.1861855754006996	0.013637645181723524	0.07935138900872461	0.09779988714528651	214	14	restoration	0.07935138900872461
not	1	21	predict_2	2	hybrid	3	-2.046526215384442	-2.1998232205824233	-2.1863889400050045	0.01343428057741866	0.07932482933911415	0.09703415559246016	214	14	restoration	0.07932482933911415
not	1	19	predict_2	2	hybrid	3	-2.046526215384442	-2.1998232205824233	-2.18652519560951	0.013298024972913224	0.07880874876939584	0.09556051482720022	214	14	restoration	0.07880874876939584
not	1	17	predict_2	2	hybrid	3	-2.046526215384442	-2.1998232205824233	-2.1867875738856983	0.013035646696724915	0.07851321370179354	0.09325781893044427	214	14	restoration	0.07851321370179354
not	1	18	predict_2	2	hybrid	3	-2.046526215384442	-2.1998232205824233	-2.1866722417088615	0.013150978873561637	0.07785397783052236	0.09425779106844702	214	14	restoration	0.07785397783052236
not	1	11	predict_1	1	hybrid	3	-2.0641998149170817	-2.218325498436547	-2.208199527722676	0.010125970713870855	0.07612792532812072	0.08444266814114802	217	14	restoration	0.07612792532812072
not	1	16	predict_2	2	hybrid	3	-2.046526215384442	-2.1998232205824233	-2.1876645364587284	0.012158684123694643	0.0728338797593803	0.08625127897899042	214	14	restoration	0.0728338797593803
not	1	31	predict_last	3	hybrid	3	-2.0254809636860567	-2.177889191591935	-2.169426886820133	0.008462304771802362	0.07029239659933195	0.09748244009919402	212	14	restoration	0.07029239659933195
not	1	11	predict_0	0	hybrid	3	-2.0641998149170817	-2.218325498436547	-2.2088584335844748	0.00946706485207221	0.06906728100319319	0.07761528908097315	217	14	restoration	0.06906728100319319
not	1	15	predict_2	2	hybrid	3	-2.046526215384442	-2.1998232205824233	-2.1890613105363848	0.010761910046038329	0.06827253998286549	0.08037227788344851	214	14	restoration	0.06827253998286549
not	1	30	predict_last	3	hybrid	3	-2.0254809636860567	-2.177889191591935	-2.169727510314666	0.008161681277269225	0.06788707921996408	0.09430458122629377	212	14	restoration	0.06788707921996408
not	1	28	predict_last	3	hybrid	3	-2.0254809636860567	-2.177889191591935	-2.1697818871687895	0.008107304423145997	0.06748268359710012	0.09301600260131063	212	14	restoration	0.06748268359710012
not	1	25	predict_last	3	hybrid	3	-2.0254809636860567	-2.177889191591935	-2.169851165071138	0.008038026520797216	0.066910694745889	0.0911234820487011	212	14	restoration	0.066910694745889
not	1	29	predict_last	3	hybrid	3	-2.0254809636860567	-2.177889191591935	-2.1698498068956273	0.0080393846963081	0.06689088744573415	0.0926415516305276	212	14	restoration	0.06689088744573415
not	1	26	predict_last	3	hybrid	3	-2.0254809636860567	-2.177889191591935	-2.1699228587924986	0.007966332799436683	0.0667106896394162	0.0919957213076527	212	14	restoration	0.0667106896394162
not	1	27	predict_last	3	hybrid	3	-2.0254809636860567	-2.177889191591935	-2.169937004147582	0.007952187444353425	0.06662331019162608	0.0916646208144394	212	14	restoration	0.06662331019162608
not	1	14	predict_2	2	hybrid	3	-2.046526215384442	-2.1998232205824233	-2.1895357639538724	0.010287456628551007	0.06632335543984538	0.07816488905075693	214	14	restoration	0.06632335543984538
not	1	24	predict_last	3	hybrid	3	-2.0254809636860567	-2.177889191591935	-2.169938061600955	0.007951129990980106	0.06600008811003252	0.08745431725839793	212	14	restoration	0.06600008811003252
not	1	10	predict_1	1	hybrid	3	-2.0641998149170817	-2.218325498436547	-2.209927602388537	0.008397896048010039	0.06168372862645067	0.06950730466573966	217	14	restoration	0.06168372862645067
not	1	10	predict_0	0	hybrid	3	-2.0641998149170817	-2.218325498436547	-2.2101079885069757	0.008217509929571326	0.05856732676695709	0.06726019891159055	217	14	restoration	0.05856732676695709
not	1	22	predict_last	3	hybrid	3	-2.0254809636860567	-2.177889191591935	-2.170856731068365	0.007032460523570163	0.056981792355094596	0.07583298999236296	212	14	restoration	0.056981792355094596
not	1	23	predict_last	3	hybrid	3	-2.0254809636860567	-2.177889191591935	-2.1709517311110864	0.00693746048084898	0.05676803757232257	0.07621722503743296	212	14	restoration	0.05676803757232257
not	1	21	predict_last	3	hybrid	3	-2.0254809636860567	-2.177889191591935	-2.171092669387962	0.006796522203973418	0.055551335329716005	0.07221699594540455	212	14	restoration	0.055551335329716005
not	1	13	predict_2	2	hybrid	3	-2.046526215384442	-2.1998232205824233	-2.1911321404030586	0.008691080179364468	0.054286026154106735	0.06623500120623604	214	14	restoration	0.054286026154106735
not	1	19	predict_last	3	hybrid	3	-2.0254809636860567	-2.177889191591935	-2.1716216312414773	0.006267560350458186	0.05060610050312191	0.0651209266216778	212	14	restoration	0.05060610050312191
not	1	20	predict_last	3	hybrid	3	-2.0254809636860567	-2.177889191591935	-2.1718475532270936	0.006041638364841679	0.04957077092272965	0.0652832147498156	212	14	restoration	0.04957077092272965
not	1	18	predict_last	3	hybrid	3	-2.0254809636860567	-2.177889191591935	-2.1719477380983654	0.005941453493569818	0.047908760251028505	0.06151380781855975	212	14	restoration	0.047908760251028505
not	1	17	predict_last	3	hybrid	3	-2.0254809636860567	-2.177889191591935	-2.1721447683561697	0.005744423235765768	0.04649254411935969	0.05893489322794347	212	14	restoration	0.04649254411935969
not	1	16	predict_last	3	hybrid	3	-2.0254809636860567	-2.177889191591935	-2.172586039606215	0.005303151985720185	0.043247272424204564	0.05562162231815317	212	14	restoration	0.043247272424204564
not	1	9	predict_0	0	hybrid	3	-2.0641998149170817	-2.218325498436547	-2.2125320279269975	0.0057934705095489866	0.04222887480891959	0.049631995427469204	217	14	restoration	0.04222887480891959
not	1	9	predict_1	1	hybrid	3	-2.0641998149170817	-2.218325498436547	-2.2126188179282407	0.005706680508305949	0.04216380753374177	0.049985793112231176	217	14	restoration	0.04216380753374177
not	1	12	predict_2	2	hybrid	3	-2.046526215384442	-2.1998232205824233	-2.1945549952166243	0.005268225365798751	0.030424248526744163	0.04664296498849372	214	14	restoration	0.030424248526744163
not	1	15	predict_last	3	hybrid	3	-2.0254809636860567	-2.177889191591935	-2.1743749432899797	0.0035142483019557596	0.02851965535718229	0.03615861869940905	212	14	restoration	0.02851965535718229
not	1	8	predict_0	0	hybrid	3	-2.0641998149170817	-2.218325498436547	-2.2148085185538897	0.003516979882657082	0.02777706098176465	0.03439143214915039	217	14	restoration	0.02777706098176465
not	1	14	predict_last	3	hybrid	3	-2.0254809636860567	-2.177889191591935	-2.174777161642061	0.0031120299498745506	0.024581743896810334	0.03182478226589433	212	14	restoration	0.024581743896810334
not	1	8	predict_1	1	hybrid	3	-2.0641998149170817	-2.218325498436547	-2.2147565480775877	0.0035689503589587043	0.02384749543421964	0.033483273996535785	217	14	restoration	0.02384749543421964
not	1	7	predict_1	1	hybrid	3	-2.0641998149170817	-2.218325498436547	-2.2153214968904122	0.003004001546134263	0.022913922795896623	0.03172208766864203	217	14	restoration	0.022913922795896623
not	1	13	predict_last	3	hybrid	3	-2.0254809636860567	-2.177889191591935	-2.17504107388373	0.0028481177082054117	0.02145349163044984	0.027435782901037892	212	14	restoration	0.02145349163044984
not	1	7	predict_0	0	hybrid	3	-2.0641998149170817	-2.218325498436547	-2.2160665127093933	0.0022589857271534306	0.018654727040061925	0.02553047732199776	217	14	restoration	0.018654727040061925
not	1	6	predict_1	1	hybrid	3	-2.0641998149170817	-2.218325498436547	-2.2161824319104366	0.0021430665261101584	0.0169383203552638	0.025612035375910492	217	14	restoration	0.0169383203552638
not	1	11	predict_2	2	hybrid	3	-2.046526215384442	-2.1998232205824233	-2.196769275309033	0.0030539452733902455	0.016720304017790573	0.035914946381221	214	14	restoration	0.016720304017790573
not	1	12	predict_last	3	hybrid	3	-2.0254809636860567	-2.177889191591935	-2.1755154041609206	0.0023737874310148033	0.01635651854895043	0.022047908555482606	212	14	restoration	0.01635651854895043
not	1	5	predict_1	1	hybrid	3	-2.0641998149170817	-2.218325498436547	-2.216715571035524	0.0016099274010229754	0.012606068479034829	0.02001884942765399	217	14	restoration	0.012606068479034829
not	1	10	predict_2	2	hybrid	3	-2.046526215384442	-2.1998232205824233	-2.197619192250221	0.002204028332202323	0.01208176304479759	0.03250215299736951	214	14	restoration	0.01208176304479759
not	1	4	predict_1	1	hybrid	3	-2.0641998149170817	-2.218325498436547	-2.217083143426984	0.0012423550095626752	0.010374843375091373	0.01669976764174123	217	14	restoration	0.010374843375091373
not	1	11	predict_last	3	hybrid	3	-2.0254809636860567	-2.177889191591935	-2.1765028972801295	0.0013862943118058927	0.009277186637346137	0.015121566463193488	212	14	restoration	0.009277186637346137
not	1	9	predict_2	2	hybrid	3	-2.046526215384442	-2.1998232205824233	-2.198384786517632	0.001438434064791096	0.007838013047271932	0.02471180048953368	214	14	restoration	0.007838013047271932
not	1	4	predict_0	0	hybrid	3	-2.0641998149170817	-2.218325498436547	-2.2172808363433045	0.0010446620932423208	0.006928444768932137	0.012806647657003971	217	14	restoration	0.006928444768932137
not	1	10	predict_last	3	hybrid	3	-2.0254809636860567	-2.177889191591935	-2.1769765810141712	0.0009126105777642346	0.00667467025757236	0.0118533957860275	212	14	restoration	0.00667467025757236
not	1	8	predict_last	3	hybrid	3	-2.0254809636860567	-2.177889191591935	-2.1769563906004636	0.0009328009914716322	0.006283699121816306	0.009214016830861881	212	14	restoration	0.006283699121816306
not	1	3	predict_0	0	hybrid	3	-2.0641998149170817	-2.218325498436547	-2.2175768958403723	0.000748602596174374	0.005929775925795073	0.010743719631661227	217	14	restoration	0.005929775925795073
not	1	2	predict_0	0	hybrid	3	-2.0641998149170817	-2.218325498436547	-2.2177045076253683	0.000620990811178145	0.005561853867282008	0.010037834573396662	217	14	restoration	0.005561853867282008
not	1	7	predict_last	3	hybrid	3	-2.0254809636860567	-2.177889191591935	-2.1770977412314076	0.000791450360527657	0.005180768279328689	0.007598603587607273	212	14	restoration	0.005180768279328689
not	1	5	predict_0	0	hybrid	3	-2.0641998149170817	-2.218325498436547	-2.217548311340261	0.0007771870962857488	0.0049264409061374635	0.013600994170137616	217	14	restoration	0.0049264409061374635
not	1	4	predict_2	2	hybrid	3	-2.046526215384442	-2.1998232205824233	-2.1993110237195412	0.0005121968628817588	0.004394633777026002	0.012565120900816117	214	14	restoration	0.004394633777026002
not	1	7	predict_2	2	hybrid	3	-2.046526215384442	-2.1998232205824233	-2.1991521006610735	0.0006711199213496612	0.004364866983062296	0.018630137077113935	214	14	restoration	0.004364866983062296
not	1	9	predict_last	3	hybrid	3	-2.0254809636860567	-2.177889191591935	-2.177202433940871	0.0006867576510643679	0.004135833043374399	0.009099978253221817	212	14	restoration	0.004135833043374399
not	1	3	predict_1	1	hybrid	3	-2.0641998149170817	-2.218325498436547	-2.2178500692393617	0.0004754291971851184	0.0038333399289703592	0.009231950800443436	217	14	restoration	0.0038333399289703592
not	1	6	predict_last	3	hybrid	3	-2.0254809636860567	-2.177889191591935	-2.1772683533558106	0.000620838236124655	0.0038329709669966887	0.0059616950915826585	212	14	restoration	0.0038329709669966887
not	1	2	predict_1	1	hybrid	3	-2.0641998149170817	-2.218325498436547	-2.217935269935635	0.00039022850091165607	0.003771631350379927	0.008927676795999668	217	14	restoration	0.003771631350379927
not	1	6	predict_0	0	hybrid	3	-2.0641998149170817	-2.218325498436547	-2.217791240554211	0.0005342578823355632	0.003519136181889079	0.013112776114426515	217	14	restoration	0.003519136181889079
not	1	0	predict_2	2	hybrid	3	-2.046526215384442	-2.1998232205824233	-2.1994767561196213	0.0003464644628019153	0.0031005529665427923	0.00665699518690892	214	14	restoration	0.0031005529665427923
not	1	8	predict_2	2	hybrid	3	-2.046526215384442	-2.1998232205824233	-2.1991246950620296	0.0006985255203936978	0.0026723502024046638	0.01995613393406359	214	14	restoration	0.0026723502024046638
not	1	2	predict_2	2	hybrid	3	-2.046526215384442	-2.1998232205824233	-2.1995903069317686	0.00023291365065430838	0.0023220008294600725	0.007729915547252061	214	14	restoration	0.0023220008294600725
not	1	1	predict_2	2	hybrid	3	-2.046526215384442	-2.1998232205824233	-2.1995999169058833	0.00022330367653989745	0.0020616503435962777	0.005894267544983327	214	14	restoration	0.0020616503435962777
not	1	5	predict_last	3	hybrid	3	-2.0254809636860567	-2.177889191591935	-2.177503436831742	0.000385754760193288	0.0018239739585338226	0.004049967613354907	212	14	restoration	0.0018239739585338226
not	1	0	predict_0	0	hybrid	3	-2.0641998149170817	-2.218325498436547	-2.218291742654325	3.375578222185688e-05	0.001232578667813112	0.005603304162488284	217	14	restoration	0.001232578667813112
not	1	1	predict_1	1	hybrid	3	-2.0641998149170817	-2.218325498436547	-2.2182360145663083	8.94838702383539e-05	0.0010591586180112046	0.005412717990254798	217	14	restoration	0.0010591586180112046
not	1	4	predict_last	3	hybrid	3	-2.0254809636860567	-2.177889191591935	-2.1776830067004482	0.00020618489148715083	0.0009872588961165178	0.002696192412744671	212	14	restoration	0.0009872588961165178
not	1	5	predict_2	2	hybrid	3	-2.046526215384442	-2.1998232205824233	-2.1995867010685335	0.00023651951388954458	0.0009049608318216008	0.011881200734590017	214	14	restoration	0.0009049608318216008
not	1	0	predict_last	3	hybrid	3	-2.0254809636860567	-2.177889191591935	-2.1778317869849597	5.740460697571343e-05	0.00042490494313953585	0.0016380939810131127	212	14	restoration	0.00042490494313953585
not	1	3	predict_2	2	hybrid	3	-2.046526215384442	-2.1998232205824233	-2.1997737095105085	4.951107191442534e-05	0.0003319148984021809	0.006853459831995781	214	14	restoration	0.0003319148984021809
not	1	1	predict_last	3	hybrid	3	-2.0254809636860567	-2.177889191591935	-2.1778443960091844	4.4795582751147936e-05	0.000228909600503886	0.001405048254719568	212	14	restoration	0.000228909600503886
not	1	1	predict_0	0	hybrid	3	-2.0641998149170817	-2.218325498436547	-2.2183501195292243	-2.4621092677474775e-05	-0.00017892433977898984	0.0043731749856511975	217	14	restoration	-0.00017892433977898984
not	1	3	predict_last	3	hybrid	3	-2.0254809636860567	-2.177889191591935	-2.177886454741024	2.736850911227241e-06	-0.0002464841498783021	0.001967367734549571	212	14	restoration	-0.0002464841498783021
not	1	2	predict_last	3	hybrid	3	-2.0254809636860567	-2.177889191591935	-2.177977180076519	-8.798848458347599e-05	-0.0005720839988349061	0.0011116008531241405	212	14	restoration	-0.0005720839988349061
not	1	0	predict_1	1	hybrid	3	-2.0641998149170817	-2.218325498436547	-2.2184231702759023	-9.767183935568151e-05	-0.0008592678981927212	0.0032486045155849207	217	14	restoration	-0.0008592678981927212
not	1	6	predict_2	2	hybrid	3	-2.046526215384442	-2.1998232205824233	-2.2001255798593435	-0.0003023592769204827	-0.0028097554509812464	0.0102818541820059	214	14	restoration	-0.0028097554509812464
