group	scope	train_fold	component	layer_index	position_label	corruption_mode	ranking_score	source_item_count
exclusive_just	fold	0	attn	4	utterance_final	prompt_without	0.07886447141029601	15
exclusive_just	fold	0	attn	6	utterance_final	prompt_without	0.06034624168502304	15
exclusive_just	fold	0	attn	5	utterance_final	prompt_without	0.04666941654409943	15
exclusive_just	fold	0	attn	9	utterance_final	prompt_without	0.041031653177771285	15
exclusive_just	fold	0	attn	12	utterance_final	prompt_without	0.03598940258835079	15
exclusive_just	fold	0	attn	7	utterance_final	prompt_without	0.035375323990706295	15
exclusive_just	fold	0	attn	10	utterance_final	prompt_without	0.03001612943006149	15
exclusive_just	fold	0	attn	3	utterance_final	prompt_without	0.02850940774971478	15
exclusive_just	fold	0	attn	1	utterance_final	prompt_without	0.02655971580074779	15
exclusive_just	fold	0	attn	11	utterance_final	prompt_without	0.017376691320606992	15
exclusive_just	fold	0	attn	8	utterance_final	prompt_without	0.01571442736366048	15
exclusive_just	fold	0	attn	14	utterance_final	prompt_without	0.011842010758755014	15
exclusive_just	fold	0	attn	2	utterance_final	prompt_without	0.009035467059488208	15
exclusive_just	fold	0	attn	16	utterance_final	prompt_without	0.00539100630298246	15
exclusive_just	fold	0	attn	28	utterance_final	prompt_without	0.004503596810566493	15
exclusive_just	fold	0	attn	25	utterance_final	prompt_without	0.0033152099407429735	15
exclusive_just	fold	0	attn	17	utterance_final	prompt_without	0.00319304434407488	15
exclusive_just	fold	0	attn	15	utterance_final	prompt_without	0.0030699785384296	15
exclusive_just	fold	0	attn	20	utterance_final	prompt_without	0.002515932823248827	15
exclusive_just	fold	0	attn	22	utterance_final	prompt_without	0.002451473662562607	15
exclusive_just	fold	0	attn	21	utterance_final	prompt_without	0.0014808671760420135	15
exclusive_just	fold	0	attn	30	utterance_final	prompt_without	0.0012408599368567209	15
exclusive_just	fold	0	attn	24	utterance_final	prompt_without	5.4325046180653024e-05	15
exclusive_just	fold	0	attn	29	utterance_final	prompt_without	2.90261616945933e-05	15
exclusive_just	fold	0	attn	31	utterance_final	prompt_without	0.0	15
exclusive_just	fold	0	attn	26	utterance_final	prompt_without	-0.0003708354818767867	15
exclusive_just	fold	0	attn	18	utterance_final	prompt_without	-0.0005135539141487734	15
exclusive_just	fold	0	attn	13	utterance_final	prompt_without	-0.0006987540007920465	15
exclusive_just	fold	0	attn	27	utterance_final	prompt_without	-0.0015403881064879334	15
exclusive_just	fold	0	attn	23	utterance_final	prompt_without	-0.0017707181415010066	15
exclusive_just	fold	0	attn	19	utterance_final	prompt_without	-0.002086431960495829	15
exclusive_just	fold	0	attn	0	utterance_final	prompt_without	-0.00241310201880554	15
exclusive_just	fold	0	mlp	7	utterance_final	prompt_without	0.06355189512782251	15
exclusive_just	fold	0	mlp	6	utterance_final	prompt_without	0.051786303586021855	15
exclusive_just	fold	0	mlp	4	utterance_final	prompt_without	0.04823462800791188	15
exclusive_just	fold	0	mlp	8	utterance_final	prompt_without	0.04274428628830858	15
exclusive_just	fold	0	mlp	3	utterance_final	prompt_without	0.03470539832220893	15
exclusive_just	fold	0	mlp	9	utterance_final	prompt_without	0.027027818518774074	15
exclusive_just	fold	0	mlp	1	utterance_final	prompt_without	0.025878335649597187	15
exclusive_just	fold	0	mlp	5	utterance_final	prompt_without	0.02558586399550596	15
exclusive_just	fold	0	mlp	10	utterance_final	prompt_without	0.01668584017882419	15
exclusive_just	fold	0	mlp	12	utterance_final	prompt_without	0.012997242619520292	15
exclusive_just	fold	0	mlp	20	utterance_final	prompt_without	0.008843787477929731	15
exclusive_just	fold	0	mlp	2	utterance_final	prompt_without	0.008234890111211753	15
exclusive_just	fold	0	mlp	11	utterance_final	prompt_without	0.007903760980386247	15
exclusive_just	fold	0	mlp	24	utterance_final	prompt_without	0.0031814968435893405	15
exclusive_just	fold	0	mlp	28	utterance_final	prompt_without	0.0026410815799505203	15
exclusive_just	fold	0	mlp	19	utterance_final	prompt_without	0.002421475648341573	15
exclusive_just	fold	0	mlp	0	utterance_final	prompt_without	0.002396538918043927	15
exclusive_just	fold	0	mlp	18	utterance_final	prompt_without	0.0020575162035116534	15
exclusive_just	fold	0	mlp	17	utterance_final	prompt_without	0.0016672455311023933	15
exclusive_just	fold	0	mlp	22	utterance_final	prompt_without	0.0012819305194282466	15
exclusive_just	fold	0	mlp	30	utterance_final	prompt_without	0.00027645010327107184	15
exclusive_just	fold	0	mlp	31	utterance_final	prompt_without	0.0	15
exclusive_just	fold	0	mlp	25	utterance_final	prompt_without	-0.00041641162857132	15
exclusive_just	fold	0	mlp	23	utterance_final	prompt_without	-0.0006955850648542601	15
exclusive_just	fold	0	mlp	14	utterance_final	prompt_without	-0.0009660669355623395	15
exclusive_just	fold	0	mlp	26	utterance_final	prompt_without	-0.0011564621488950799	15
exclusive_just	fold	0	mlp	29	utterance_final	prompt_without	-0.00119742359792534	15
exclusive_just	fold	0	mlp	21	utterance_final	prompt_without	-0.0019531508281803666	15
exclusive_just	fold	0	mlp	16	utterance_final	prompt_without	-0.0020393780068768195	15
exclusive_just	fold	0	mlp	27	utterance_final	prompt_without	-0.0027276540775365422	15
exclusive_just	fold	0	mlp	13	utterance_final	prompt_without	-0.0064962441719940605	15
exclusive_just	fold	0	mlp	15	utterance_final	prompt_without	-0.00836830524164468	15
exclusive_just	fold	0	resid	7	utterance_final	prompt_without	0.21293982298813438	15
exclusive_just	fold	0	resid	6	utterance_final	prompt_without	0.20593927295308775	15
exclusive_just	fold	0	resid	8	utterance_final	prompt_without	0.20182836053058836	15
exclusive_just	fold	0	resid	9	utterance_final	prompt_without	0.19282626701321884	15
exclusive_just	fold	0	resid	10	utterance_final	prompt_without	0.19039093337703386	15
exclusive_just	fold	0	resid	11	utterance_final	prompt_without	0.18238320743813155	15
exclusive_just	fold	0	resid	12	utterance_final	prompt_without	0.16130635992509756	15
exclusive_just	fold	0	resid	5	utterance_final	prompt_without	0.16049526635107506	15
exclusive_just	fold	0	resid	4	utterance_final	prompt_without	0.14228467497726582	15
exclusive_just	fold	0	resid	13	utterance_final	prompt_without	0.0871493122797846	15
exclusive_just	fold	0	resid	14	utterance_final	prompt_without	0.07456742352100805	15
exclusive_just	fold	0	resid	15	utterance_final	prompt_without	0.054807358229159116	15
exclusive_just	fold	0	resid	3	utterance_final	prompt_without	0.05409856732095465	15
exclusive_just	fold	0	resid	16	utterance_final	prompt_without	0.047911154800670215	15
exclusive_just	fold	0	resid	17	utterance_final	prompt_without	0.028244001382941954	15
exclusive_just	fold	0	resid	19	utterance_final	prompt_without	0.025707447467376656	15
exclusive_just	fold	0	resid	18	utterance_final	prompt_without	0.024421726291164222	15
exclusive_just	fold	0	resid	23	utterance_final	prompt_without	0.022615884825282297	15
exclusive_just	fold	0	resid	1	utterance_final	prompt_without	0.02135222568924627	15
exclusive_just	fold	0	resid	20	utterance_final	prompt_without	0.020876083217688253	15
exclusive_just	fold	0	resid	21	utterance_final	prompt_without	0.020719525186570407	15
exclusive_just	fold	0	resid	24	utterance_final	prompt_without	0.020260022271075286	15
exclusive_just	fold	0	resid	22	utterance_final	prompt_without	0.019288024485896095	15
exclusive_just	fold	0	resid	2	utterance_final	prompt_without	0.018669061083710813	15
exclusive_just	fold	0	resid	25	utterance_final	prompt_without	0.010078371382091967	15
exclusive_just	fold	0	resid	28	utterance_final	prompt_without	0.0015659962258032533	15
exclusive_just	fold	0	resid	27	utterance_final	prompt_without	0.0003815489760433335	15
exclusive_just	fold	0	resid	30	utterance_final	prompt_without	0.00032493304009089996	15
exclusive_just	fold	0	resid	31	utterance_final	prompt_without	0.0	15
exclusive_just	fold	0	resid	26	utterance_final	prompt_without	-0.0001222302536369798	15
exclusive_just	fold	0	resid	29	utterance_final	prompt_without	-0.0007055276505825598	15
exclusive_just	fold	0	resid	0	utterance_final	prompt_without	-0.0032138185793258267	15
exclusive_just	fold	1	attn	4	utterance_final	prompt_without	0.0600283940567784	15
exclusive_just	fold	1	attn	6	utterance_final	prompt_without	0.045808560265495	15
exclusive_just	fold	1	attn	5	utterance_final	prompt_without	0.02523989607874414	15
exclusive_just	fold	1	attn	7	utterance_final	prompt_without	0.024944420603371785	15
exclusive_just	fold	1	attn	1	utterance_final	prompt_without	0.021451813130626964	15
exclusive_just	fold	1	attn	12	utterance_final	prompt_without	0.01997024787930978	15
exclusive_just	fold	1	attn	11	utterance_final	prompt_without	0.019247968165097707	15
exclusive_just	fold	1	attn	10	utterance_final	prompt_without	0.015060433980096093	15
exclusive_just	fold	1	attn	9	utterance_final	prompt_without	0.013787642815200195	15
exclusive_just	fold	1	attn	8	utterance_final	prompt_without	0.011310977957344056	15
exclusive_just	fold	1	attn	24	utterance_final	prompt_without	0.009091261457785	15
exclusive_just	fold	1	attn	20	utterance_final	prompt_without	0.008234899800967053	15
exclusive_just	fold	1	attn	19	utterance_final	prompt_without	0.007127222543613746	15
exclusive_just	fold	1	attn	23	utterance_final	prompt_without	0.006856717533455597	15
exclusive_just	fold	1	attn	2	utterance_final	prompt_without	0.00668664905937902	15
exclusive_just	fold	1	attn	3	utterance_final	prompt_without	0.006074375610741867	15
exclusive_just	fold	1	attn	21	utterance_final	prompt_without	0.005635373119950893	15
exclusive_just	fold	1	attn	17	utterance_final	prompt_without	0.0055322636044852	15
exclusive_just	fold	1	attn	13	utterance_final	prompt_without	0.005307272159865967	15
exclusive_just	fold	1	attn	18	utterance_final	prompt_without	0.005240131461049413	15
exclusive_just	fold	1	attn	14	utterance_final	prompt_without	0.004997001406921521	15
exclusive_just	fold	1	attn	28	utterance_final	prompt_without	0.004614702976469486	15
exclusive_just	fold	1	attn	15	utterance_final	prompt_without	0.0041257142505254	15
exclusive_just	fold	1	attn	0	utterance_final	prompt_without	0.003192735219595013	15
exclusive_just	fold	1	attn	29	utterance_final	prompt_without	0.0031473179503788804	15
exclusive_just	fold	1	attn	30	utterance_final	prompt_without	0.0029312993655983	15
exclusive_just	fold	1	attn	27	utterance_final	prompt_without	0.0025594091480510136	15
exclusive_just	fold	1	attn	26	utterance_final	prompt_without	0.001478913167654887	15
exclusive_just	fold	1	attn	25	utterance_final	prompt_without	0.0010005456982164667	15
exclusive_just	fold	1	attn	16	utterance_final	prompt_without	0.00064010611871348	15
exclusive_just	fold	1	attn	22	utterance_final	prompt_without	0.0006121590384898131	15
exclusive_just	fold	1	attn	31	utterance_final	prompt_without	0.0	15
exclusive_just	fold	1	mlp	6	utterance_final	prompt_without	0.03847814651067525	15
exclusive_just	fold	1	mlp	9	utterance_final	prompt_without	0.02519646076378016	15
exclusive_just	fold	1	mlp	4	utterance_final	prompt_without	0.01938813816142828	15
exclusive_just	fold	1	mlp	3	utterance_final	prompt_without	0.018223109472734575	15
exclusive_just	fold	1	mlp	1	utterance_final	prompt_without	0.01702017232804846	15
exclusive_just	fold	1	mlp	5	utterance_final	prompt_without	0.011609016207848767	15
exclusive_just	fold	1	mlp	23	utterance_final	prompt_without	0.006365576486642454	15
exclusive_just	fold	1	mlp	11	utterance_final	prompt_without	0.006100690636871606	15
exclusive_just	fold	1	mlp	26	utterance_final	prompt_without	0.006028538521583486	15
exclusive_just	fold	1	mlp	21	utterance_final	prompt_without	0.00586036114403418	15
exclusive_just	fold	1	mlp	22	utterance_final	prompt_without	0.005782454029239453	15
exclusive_just	fold	1	mlp	0	utterance_final	prompt_without	0.0054568156802637805	15
exclusive_just	fold	1	mlp	29	utterance_final	prompt_without	0.005302075436665788	15
exclusive_just	fold	1	mlp	17	utterance_final	prompt_without	0.004879352779628334	15
exclusive_just	fold	1	mlp	25	utterance_final	prompt_without	0.0042123362811846594	15
exclusive_just	fold	1	mlp	20	utterance_final	prompt_without	0.003968419449286146	15
exclusive_just	fold	1	mlp	28	utterance_final	prompt_without	0.003934295345066606	15
exclusive_just	fold	1	mlp	7	utterance_final	prompt_without	0.0035751645006819404	15
exclusive_just	fold	1	mlp	12	utterance_final	prompt_without	0.003227376637055787	15
exclusive_just	fold	1	mlp	10	utterance_final	prompt_without	0.003057077781652672	15
exclusive_just	fold	1	mlp	30	utterance_final	prompt_without	0.0027146041833165935	15
exclusive_just	fold	1	mlp	24	utterance_final	prompt_without	0.00269927095545462	15
exclusive_just	fold	1	mlp	19	utterance_final	prompt_without	0.0016236898367585466	15
exclusive_just	fold	1	mlp	13	utterance_final	prompt_without	0.0015545844624141603	15
exclusive_just	fold	1	mlp	27	utterance_final	prompt_without	0.0008125592049388401	15
exclusive_just	fold	1	mlp	31	utterance_final	prompt_without	0.0	15
exclusive_just	fold	1	mlp	15	utterance_final	prompt_without	-0.00044732701305114667	15
exclusive_just	fold	1	mlp	18	utterance_final	prompt_without	-0.002060599272282594	15
exclusive_just	fold	1	mlp	14	utterance_final	prompt_without	-0.0031521626151310334	15
exclusive_just	fold	1	mlp	16	utterance_final	prompt_without	-0.004206981519508746	15
exclusive_just	fold	1	mlp	2	utterance_final	prompt_without	-0.00513929795785382	15
exclusive_just	fold	1	mlp	8	utterance_final	prompt_without	-0.03503491550239671	15
exclusive_just	fold	1	resid	8	utterance_final	prompt_without	0.12446515019002305	15
exclusive_just	fold	1	resid	9	utterance_final	prompt_without	0.12137451914336152	15
exclusive_just	fold	1	resid	6	utterance_final	prompt_without	0.1105081376870049	15
exclusive_just	fold	1	resid	7	utterance_final	prompt_without	0.10807187769723202	15
exclusive_just	fold	1	resid	10	utterance_final	prompt_without	0.10265712401835124	15
exclusive_just	fold	1	resid	11	utterance_final	prompt_without	0.09890028704380836	15
exclusive_just	fold	1	resid	12	utterance_final	prompt_without	0.08051084325168897	15
exclusive_just	fold	1	resid	5	utterance_final	prompt_without	0.07376817100210728	15
exclusive_just	fold	1	resid	4	utterance_final	prompt_without	0.06123875712407327	15
exclusive_just	fold	1	resid	13	utterance_final	prompt_without	0.05416460278773291	15
exclusive_just	fold	1	resid	14	utterance_final	prompt_without	0.03709251607404592	15
exclusive_just	fold	1	resid	3	utterance_final	prompt_without	0.03601433408452595	15
exclusive_just	fold	1	resid	15	utterance_final	prompt_without	0.02664283679640624	15
exclusive_just	fold	1	resid	16	utterance_final	prompt_without	0.02086714832568228	15
exclusive_just	fold	1	resid	2	utterance_final	prompt_without	0.014570477903160794	15
exclusive_just	fold	1	resid	17	utterance_final	prompt_without	0.013810779005619793	15
exclusive_just	fold	1	resid	1	utterance_final	prompt_without	0.012700770468557047	15
exclusive_just	fold	1	resid	18	utterance_final	prompt_without	0.010266263767349628	15
exclusive_just	fold	1	resid	19	utterance_final	prompt_without	0.009761066686245627	15
exclusive_just	fold	1	resid	22	utterance_final	prompt_without	0.00964417797967262	15
exclusive_just	fold	1	resid	24	utterance_final	prompt_without	0.009158153240378128	15
exclusive_just	fold	1	resid	23	utterance_final	prompt_without	0.008576861727460687	15
exclusive_just	fold	1	resid	25	utterance_final	prompt_without	0.0065917900566898465	15
exclusive_just	fold	1	resid	20	utterance_final	prompt_without	0.006166853952636225	15
exclusive_just	fold	1	resid	27	utterance_final	prompt_without	0.00538721184273274	15
exclusive_just	fold	1	resid	28	utterance_final	prompt_without	0.0047805126748164395	15
exclusive_just	fold	1	resid	29	utterance_final	prompt_without	0.004761787242197126	15
exclusive_just	fold	1	resid	21	utterance_final	prompt_without	0.0036736619159903265	15
exclusive_just	fold	1	resid	30	utterance_final	prompt_without	0.002104986383942827	15
exclusive_just	fold	1	resid	26	utterance_final	prompt_without	0.0008451360200177736	15
exclusive_just	fold	1	resid	31	utterance_final	prompt_without	0.0	15
exclusive_just	fold	1	resid	0	utterance_final	prompt_without	-0.0008708337394140204	15
exclusive_just	pooled	all	attn	4	utterance_final	prompt_without	0.0694464327335372	30
exclusive_just	pooled	all	attn	6	utterance_final	prompt_without	0.05307740097525902	30
exclusive_just	pooled	all	attn	5	utterance_final	prompt_without	0.035954656311421786	30
exclusive_just	pooled	all	attn	7	utterance_final	prompt_without	0.03015987229703904	30
exclusive_just	pooled	all	attn	12	utterance_final	prompt_without	0.027979825233830285	30
exclusive_just	pooled	all	attn	9	utterance_final	prompt_without	0.027409647996485743	30
exclusive_just	pooled	all	attn	1	utterance_final	prompt_without	0.024005764465687376	30
exclusive_just	pooled	all	attn	10	utterance_final	prompt_without	0.022538281705078787	30
exclusive_just	pooled	all	attn	11	utterance_final	prompt_without	0.01831232974285235	30
exclusive_just	pooled	all	attn	3	utterance_final	prompt_without	0.017291891680228325	30
exclusive_just	pooled	all	attn	8	utterance_final	prompt_without	0.013512702660502267	30
exclusive_just	pooled	all	attn	14	utterance_final	prompt_without	0.008419506082838266	30
exclusive_just	pooled	all	attn	2	utterance_final	prompt_without	0.007861058059433613	30
exclusive_just	pooled	all	attn	20	utterance_final	prompt_without	0.00537541631210794	30
exclusive_just	pooled	all	attn	24	utterance_final	prompt_without	0.0045727932519828264	30
exclusive_just	pooled	all	attn	28	utterance_final	prompt_without	0.00455914989351799	30
exclusive_just	pooled	all	attn	17	utterance_final	prompt_without	0.00436265397428004	30
exclusive_just	pooled	all	attn	15	utterance_final	prompt_without	0.0035978463944775	30
exclusive_just	pooled	all	attn	21	utterance_final	prompt_without	0.0035581201479964533	30
exclusive_just	pooled	all	attn	16	utterance_final	prompt_without	0.0030155562108479697	30
exclusive_just	pooled	all	attn	23	utterance_final	prompt_without	0.0025429996959772955	30
exclusive_just	pooled	all	attn	19	utterance_final	prompt_without	0.0025203952915589588	30
exclusive_just	pooled	all	attn	18	utterance_final	prompt_without	0.00236328877345032	30
exclusive_just	pooled	all	attn	13	utterance_final	prompt_without	0.0023042590795369607	30
exclusive_just	pooled	all	attn	25	utterance_final	prompt_without	0.00215787781947972	30
exclusive_just	pooled	all	attn	30	utterance_final	prompt_without	0.00208607965122751	30
exclusive_just	pooled	all	attn	29	utterance_final	prompt_without	0.0015881720560367366	30
exclusive_just	pooled	all	attn	22	utterance_final	prompt_without	0.0015318163505262101	30
exclusive_just	pooled	all	attn	26	utterance_final	prompt_without	0.00055403884288905	30
exclusive_just	pooled	all	attn	27	utterance_final	prompt_without	0.00050951052078154	30
exclusive_just	pooled	all	attn	0	utterance_final	prompt_without	0.0003898166003947367	30
exclusive_just	pooled	all	attn	31	utterance_final	prompt_without	0.0	30
exclusive_just	pooled	all	mlp	6	utterance_final	prompt_without	0.04513222504834855	30
exclusive_just	pooled	all	mlp	4	utterance_final	prompt_without	0.033811383084670084	30
exclusive_just	pooled	all	mlp	7	utterance_final	prompt_without	0.03356352981425223	30
exclusive_just	pooled	all	mlp	3	utterance_final	prompt_without	0.02646425389747175	30
exclusive_just	pooled	all	mlp	9	utterance_final	prompt_without	0.026112139641277118	30
exclusive_just	pooled	all	mlp	1	utterance_final	prompt_without	0.021449253988822824	30
exclusive_just	pooled	all	mlp	5	utterance_final	prompt_without	0.018597440101677364	30
exclusive_just	pooled	all	mlp	10	utterance_final	prompt_without	0.00987145898023843	30
exclusive_just	pooled	all	mlp	12	utterance_final	prompt_without	0.00811230962828804	30
exclusive_just	pooled	all	mlp	11	utterance_final	prompt_without	0.007002225808628927	30
exclusive_just	pooled	all	mlp	20	utterance_final	prompt_without	0.006406103463607939	30
exclusive_just	pooled	all	mlp	0	utterance_final	prompt_without	0.0039266772991538535	30
exclusive_just	pooled	all	mlp	8	utterance_final	prompt_without	0.00385468539295593	30
exclusive_just	pooled	all	mlp	22	utterance_final	prompt_without	0.00353219227433385	30
exclusive_just	pooled	all	mlp	28	utterance_final	prompt_without	0.003287688462508563	30
exclusive_just	pooled	all	mlp	17	utterance_final	prompt_without	0.003273299155365363	30
exclusive_just	pooled	all	mlp	24	utterance_final	prompt_without	0.0029403838995219803	30
exclusive_just	pooled	all	mlp	23	utterance_final	prompt_without	0.0028349957108940965	30
exclusive_just	pooled	all	mlp	26	utterance_final	prompt_without	0.0024360381863442037	30
exclusive_just	pooled	all	mlp	29	utterance_final	prompt_without	0.0020523259193702234	30
exclusive_just	pooled	all	mlp	19	utterance_final	prompt_without	0.00202258274255006	30
exclusive_just	pooled	all	mlp	21	utterance_final	prompt_without	0.0019536051579269065	30
exclusive_just	pooled	all	mlp	25	utterance_final	prompt_without	0.0018979623263066698	30
exclusive_just	pooled	all	mlp	2	utterance_final	prompt_without	0.0015477960766789658	30
exclusive_just	pooled	all	mlp	30	utterance_final	prompt_without	0.0014955271432938325	30
exclusive_just	pooled	all	mlp	31	utterance_final	prompt_without	0.0	30
exclusive_just	pooled	all	mlp	18	utterance_final	prompt_without	-1.5415343854699448e-06	30
exclusive_just	pooled	all	mlp	27	utterance_final	prompt_without	-0.000957547436298851	30
exclusive_just	pooled	all	mlp	14	utterance_final	prompt_without	-0.002059114775346686	30
exclusive_just	pooled	all	mlp	13	utterance_final	prompt_without	-0.00247082985478995	30
exclusive_just	pooled	all	mlp	16	utterance_final	prompt_without	-0.003123179763192783	30
exclusive_just	pooled	all	mlp	15	utterance_final	prompt_without	-0.004407816127347914	30
exclusive_just	pooled	all	resid	8	utterance_final	prompt_without	0.1631467553603057	30
exclusive_just	pooled	all	resid	7	utterance_final	prompt_without	0.1605058503426832	30
exclusive_just	pooled	all	resid	6	utterance_final	prompt_without	0.15822370532004634	30
exclusive_just	pooled	all	resid	9	utterance_final	prompt_without	0.15710039307829018	30
exclusive_just	pooled	all	resid	10	utterance_final	prompt_without	0.14652402869769257	30
exclusive_just	pooled	all	resid	11	utterance_final	prompt_without	0.14064174724096995	30
exclusive_just	pooled	all	resid	12	utterance_final	prompt_without	0.12090860158839327	30
exclusive_just	pooled	all	resid	5	utterance_final	prompt_without	0.11713171867659117	30
exclusive_just	pooled	all	resid	4	utterance_final	prompt_without	0.10176171605066957	30
exclusive_just	pooled	all	resid	13	utterance_final	prompt_without	0.07065695753375875	30
exclusive_just	pooled	all	resid	14	utterance_final	prompt_without	0.05582996979752698	30
exclusive_just	pooled	all	resid	3	utterance_final	prompt_without	0.04505645070274031	30
exclusive_just	pooled	all	resid	15	utterance_final	prompt_without	0.04072509751278267	30
exclusive_just	pooled	all	resid	16	utterance_final	prompt_without	0.03438915156317625	30
exclusive_just	pooled	all	resid	17	utterance_final	prompt_without	0.021027390194280873	30
exclusive_just	pooled	all	resid	19	utterance_final	prompt_without	0.017734257076811144	30
exclusive_just	pooled	all	resid	18	utterance_final	prompt_without	0.017343995029256924	30
exclusive_just	pooled	all	resid	1	utterance_final	prompt_without	0.017026498078901657	30
exclusive_just	pooled	all	resid	2	utterance_final	prompt_without	0.016619769493435806	30
exclusive_just	pooled	all	resid	23	utterance_final	prompt_without	0.015596373276371488	30
exclusive_just	pooled	all	resid	24	utterance_final	prompt_without	0.014709087755726706	30
exclusive_just	pooled	all	resid	22	utterance_final	prompt_without	0.014466101232784356	30
exclusive_just	pooled	all	resid	20	utterance_final	prompt_without	0.013521468585162238	30
exclusive_just	pooled	all	resid	21	utterance_final	prompt_without	0.012196593551280365	30
exclusive_just	pooled	all	resid	25	utterance_final	prompt_without	0.008335080719390906	30
exclusive_just	pooled	all	resid	28	utterance_final	prompt_without	0.0031732544503098466	30
exclusive_just	pooled	all	resid	27	utterance_final	prompt_without	0.0028843804093880367	30
exclusive_just	pooled	all	resid	29	utterance_final	prompt_without	0.0020281297958072834	30
exclusive_just	pooled	all	resid	30	utterance_final	prompt_without	0.0012149597120168633	30
exclusive_just	pooled	all	resid	26	utterance_final	prompt_without	0.0003614528831903969	30
exclusive_just	pooled	all	resid	31	utterance_final	prompt_without	0.0	30
exclusive_just	pooled	all	resid	0	utterance_final	prompt_without	-0.0020423261593699236	30
only	fold	0	attn	7	utterance_final	prompt_without	0.06559902929868767	29
only	fold	0	attn	12	utterance_final	prompt_without	0.04866278864242147	29
only	fold	0	attn	5	utterance_final	prompt_without	0.03608702633816288	29
only	fold	0	attn	4	utterance_final	prompt_without	0.03595821858975361	29
only	fold	0	attn	6	utterance_final	prompt_without	0.035910263418248795	29
only	fold	0	attn	3	utterance_final	prompt_without	0.022839485752563983	29
only	fold	0	attn	9	utterance_final	prompt_without	0.020731720368280526	29
only	fold	0	attn	10	utterance_final	prompt_without	0.018168420342513127	29
only	fold	0	attn	13	utterance_final	prompt_without	0.016732441612546892	29
only	fold	0	attn	15	utterance_final	prompt_without	0.009168711584973227	29
only	fold	0	attn	16	utterance_final	prompt_without	0.004862678798573358	29
only	fold	0	attn	19	utterance_final	prompt_without	0.004689022778668521	29
only	fold	0	attn	20	utterance_final	prompt_without	0.004225861977625462	29
only	fold	0	attn	14	utterance_final	prompt_without	0.0040515103213601385	29
only	fold	0	attn	21	utterance_final	prompt_without	0.003910912525353731	29
only	fold	0	attn	25	utterance_final	prompt_without	0.003457855854235962	29
only	fold	0	attn	30	utterance_final	prompt_without	0.003264409318546162	29
only	fold	0	attn	1	utterance_final	prompt_without	0.0030346871210799892	29
only	fold	0	attn	2	utterance_final	prompt_without	0.002627016131218942	29
only	fold	0	attn	24	utterance_final	prompt_without	0.0019396185906386727	29
only	fold	0	attn	0	utterance_final	prompt_without	0.0018773747725207004	29
only	fold	0	attn	17	utterance_final	prompt_without	0.0016130532770337518	29
only	fold	0	attn	22	utterance_final	prompt_without	0.0011605011264293273	29
only	fold	0	attn	26	utterance_final	prompt_without	0.001027931312174469	29
only	fold	0	attn	28	utterance_final	prompt_without	0.0005377007652516138	29
only	fold	0	attn	31	utterance_final	prompt_without	0.0	29
only	fold	0	attn	27	utterance_final	prompt_without	-0.00023872178746834363	29
only	fold	0	attn	18	utterance_final	prompt_without	-0.0007547828449977413	29
only	fold	0	attn	29	utterance_final	prompt_without	-0.0010369766114287037	29
only	fold	0	attn	23	utterance_final	prompt_without	-0.0011136326990687866	29
only	fold	0	attn	11	utterance_final	prompt_without	-0.0014615968662402652	29
only	fold	0	attn	8	utterance_final	prompt_without	-0.0041811240788928545	29
only	fold	0	mlp	5	utterance_final	prompt_without	0.02476281324093737	29
only	fold	0	mlp	15	utterance_final	prompt_without	0.023797338040224176	29
only	fold	0	mlp	9	utterance_final	prompt_without	0.01315166160775967	29
only	fold	0	mlp	4	utterance_final	prompt_without	0.012263061747021237	29
only	fold	0	mlp	2	utterance_final	prompt_without	0.01093558553211128	29
only	fold	0	mlp	16	utterance_final	prompt_without	0.010008341902158758	29
only	fold	0	mlp	6	utterance_final	prompt_without	0.009711903488068347	29
only	fold	0	mlp	19	utterance_final	prompt_without	0.0065672519813071446	29
only	fold	0	mlp	26	utterance_final	prompt_without	0.0063859708772606655	29
only	fold	0	mlp	3	utterance_final	prompt_without	0.006205424924873359	29
only	fold	0	mlp	7	utterance_final	prompt_without	0.00597986891169286	29
only	fold	0	mlp	14	utterance_final	prompt_without	0.0051357274967433935	29
only	fold	0	mlp	1	utterance_final	prompt_without	0.0033343856820508585	29
only	fold	0	mlp	24	utterance_final	prompt_without	0.002554321088509634	29
only	fold	0	mlp	30	utterance_final	prompt_without	0.0024564187608925054	29
only	fold	0	mlp	17	utterance_final	prompt_without	0.0018504384135239762	29
only	fold	0	mlp	27	utterance_final	prompt_without	0.001346862835728827	29
only	fold	0	mlp	20	utterance_final	prompt_without	0.0012374322005540793	29
only	fold	0	mlp	18	utterance_final	prompt_without	0.000913008195180907	29
only	fold	0	mlp	22	utterance_final	prompt_without	0.0005036881283675344	29
only	fold	0	mlp	21	utterance_final	prompt_without	0.00014056932109745535	29
only	fold	0	mlp	23	utterance_final	prompt_without	0.00010004600565968278	29
only	fold	0	mlp	31	utterance_final	prompt_without	0.0	29
only	fold	0	mlp	28	utterance_final	prompt_without	-0.0004012551236807523	29
only	fold	0	mlp	25	utterance_final	prompt_without	-0.0012607404216525312	29
only	fold	0	mlp	29	utterance_final	prompt_without	-0.0019893965002696344	29
only	fold	0	mlp	8	utterance_final	prompt_without	-0.003499908418316527	29
only	fold	0	mlp	11	utterance_final	prompt_without	-0.0035733912176096746	29
only	fold	0	mlp	12	utterance_final	prompt_without	-0.004156142481660631	29
only	fold	0	mlp	0	utterance_final	prompt_without	-0.0045249486794142315	29
only	fold	0	mlp	13	utterance_final	prompt_without	-0.005257097126885156	29
only	fold	0	mlp	10	utterance_final	prompt_without	-0.02170528701076538	29
only	fold	0	resid	7	utterance_final	prompt_without	0.16875474313358146	29
only	fold	0	resid	12	utterance_final	prompt_without	0.1443067511386184	29
only	fold	0	resid	11	utterance_final	prompt_without	0.1436685609834795	29
only	fold	0	resid	8	utterance_final	prompt_without	0.13933017600774517	29
only	fold	0	resid	10	utterance_final	prompt_without	0.13474979342351456	29
only	fold	0	resid	9	utterance_final	prompt_without	0.13264142090844033	29
only	fold	0	resid	6	utterance_final	prompt_without	0.11837256341045703	29
only	fold	0	resid	13	utterance_final	prompt_without	0.08721542618728545	29
only	fold	0	resid	5	utterance_final	prompt_without	0.07332851999461666	29
only	fold	0	resid	4	utterance_final	prompt_without	0.051631837170472684	29
only	fold	0	resid	14	utterance_final	prompt_without	0.04908108237525001	29
only	fold	0	resid	15	utterance_final	prompt_without	0.043435867812692035	29
only	fold	0	resid	16	utterance_final	prompt_without	0.03254395552457199	29
only	fold	0	resid	3	utterance_final	prompt_without	0.023491568273700893	29
only	fold	0	resid	17	utterance_final	prompt_without	0.021671788527238302	29
only	fold	0	resid	18	utterance_final	prompt_without	0.016295771967962017	29
only	fold	0	resid	19	utterance_final	prompt_without	0.014544547088415682	29
only	fold	0	resid	20	utterance_final	prompt_without	0.01417370820329939	29
only	fold	0	resid	25	utterance_final	prompt_without	0.012766461021755493	29
only	fold	0	resid	22	utterance_final	prompt_without	0.012744476447968589	29
only	fold	0	resid	21	utterance_final	prompt_without	0.012720400504087417	29
only	fold	0	resid	24	utterance_final	prompt_without	0.011293385064695776	29
only	fold	0	resid	2	utterance_final	prompt_without	0.008900943209272542	29
only	fold	0	resid	23	utterance_final	prompt_without	0.008032946860739831	29
only	fold	0	resid	26	utterance_final	prompt_without	0.006928564558744562	29
only	fold	0	resid	1	utterance_final	prompt_without	0.006340278911429711	29
only	fold	0	resid	27	utterance_final	prompt_without	0.005874878391075538	29
only	fold	0	resid	29	utterance_final	prompt_without	0.0038870756457712375	29
only	fold	0	resid	28	utterance_final	prompt_without	0.0027108151544895935	29
only	fold	0	resid	0	utterance_final	prompt_without	0.0018773747725207004	29
only	fold	0	resid	30	utterance_final	prompt_without	0.00010953914082061028	29
only	fold	0	resid	31	utterance_final	prompt_without	0.0	29
only	fold	1	attn	12	utterance_final	prompt_without	0.033279246816196005	28
only	fold	1	attn	7	utterance_final	prompt_without	0.03091620862180838	28
only	fold	1	attn	4	utterance_final	prompt_without	0.018503830812435312	28
only	fold	1	attn	8	utterance_final	prompt_without	0.015417483955035336	28
only	fold	1	attn	3	utterance_final	prompt_without	0.014628631419134053	28
only	fold	1	attn	6	utterance_final	prompt_without	0.011815824970182787	28
only	fold	1	attn	10	utterance_final	prompt_without	0.010553949544118544	28
only	fold	1	attn	11	utterance_final	prompt_without	0.010407776470337636	28
only	fold	1	attn	9	utterance_final	prompt_without	0.008185928123724507	28
only	fold	1	attn	2	utterance_final	prompt_without	0.007583069371521429	28
only	fold	1	attn	5	utterance_final	prompt_without	0.005941961288489379	28
only	fold	1	attn	13	utterance_final	prompt_without	0.0047459299104866395	28
only	fold	1	attn	16	utterance_final	prompt_without	0.0035956297005245103	28
only	fold	1	attn	17	utterance_final	prompt_without	0.0021987312584841145	28
only	fold	1	attn	18	utterance_final	prompt_without	0.0021710938605230034	28
only	fold	1	attn	22	utterance_final	prompt_without	0.0021540154615984964	28
only	fold	1	attn	28	utterance_final	prompt_without	0.0016349378901765607	28
only	fold	1	attn	23	utterance_final	prompt_without	0.0015187280863275534	28
only	fold	1	attn	15	utterance_final	prompt_without	0.0009785111102456896	28
only	fold	1	attn	14	utterance_final	prompt_without	0.0002202843203892283	28
only	fold	1	attn	25	utterance_final	prompt_without	0.0001998394563595928	28
only	fold	1	attn	1	utterance_final	prompt_without	0.0001934191622574431	28
only	fold	1	attn	29	utterance_final	prompt_without	0.0001594784309918679	28
only	fold	1	attn	26	utterance_final	prompt_without	0.00012476045158638937	28
only	fold	1	attn	31	utterance_final	prompt_without	0.0	28
only	fold	1	attn	30	utterance_final	prompt_without	-6.598718973376964e-06	28
only	fold	1	attn	21	utterance_final	prompt_without	-4.7520399241728394e-05	28
only	fold	1	attn	20	utterance_final	prompt_without	-0.0005548076211747537	28
only	fold	1	attn	19	utterance_final	prompt_without	-0.0013452377887807464	28
only	fold	1	attn	24	utterance_final	prompt_without	-0.0014727333519282502	28
only	fold	1	attn	27	utterance_final	prompt_without	-0.0015302107052695322	28
only	fold	1	attn	0	utterance_final	prompt_without	-0.002750890593289345	28
only	fold	1	mlp	6	utterance_final	prompt_without	0.016094678815839085	28
only	fold	1	mlp	9	utterance_final	prompt_without	0.01526062268779822	28
only	fold	1	mlp	7	utterance_final	prompt_without	0.010608483761558579	28
only	fold	1	mlp	8	utterance_final	prompt_without	0.0055514913387701825	28
only	fold	1	mlp	3	utterance_final	prompt_without	0.005206292281073571	28
only	fold	1	mlp	23	utterance_final	prompt_without	0.003056322698173732	28
only	fold	1	mlp	29	utterance_final	prompt_without	0.0024245573500998895	28
only	fold	1	mlp	17	utterance_final	prompt_without	0.002234698848221043	28
only	fold	1	mlp	19	utterance_final	prompt_without	0.0021008314012371607	28
only	fold	1	mlp	14	utterance_final	prompt_without	0.0020849039156197605	28
only	fold	1	mlp	0	utterance_final	prompt_without	0.0013787694525331858	28
only	fold	1	mlp	26	utterance_final	prompt_without	0.0010174145888258606	28
only	fold	1	mlp	25	utterance_final	prompt_without	0.0009707022177636217	28
only	fold	1	mlp	30	utterance_final	prompt_without	0.000764809432549949	28
only	fold	1	mlp	12	utterance_final	prompt_without	0.0004365739899350963	28
only	fold	1	mlp	31	utterance_final	prompt_without	0.0	28
only	fold	1	mlp	27	utterance_final	prompt_without	-1.1727362855224945e-05	28
only	fold	1	mlp	20	utterance_final	prompt_without	-8.24145768052497e-05	28
only	fold	1	mlp	28	utterance_final	prompt_without	-0.00023981069252280705	28
only	fold	1	mlp	13	utterance_final	prompt_without	-0.00024393658550587527	28
only	fold	1	mlp	21	utterance_final	prompt_without	-0.000560765468952182	28
only	fold	1	mlp	22	utterance_final	prompt_without	-0.0008513697760963678	28
only	fold	1	mlp	4	utterance_final	prompt_without	-0.0010366465010837784	28
only	fold	1	mlp	10	utterance_final	prompt_without	-0.0011105778688179108	28
only	fold	1	mlp	1	utterance_final	prompt_without	-0.0014393073282409224	28
only	fold	1	mlp	18	utterance_final	prompt_without	-0.0014640232275093393	28
only	fold	1	mlp	15	utterance_final	prompt_without	-0.0015949912002621194	28
only	fold	1	mlp	24	utterance_final	prompt_without	-0.0020631774412205217	28
only	fold	1	mlp	16	utterance_final	prompt_without	-0.0024604919253701962	28
only	fold	1	mlp	2	utterance_final	prompt_without	-0.0046266191425536896	28
only	fold	1	mlp	5	utterance_final	prompt_without	-0.0049842811512328	28
only	fold	1	mlp	11	utterance_final	prompt_without	-0.032578150903707706	28
only	fold	1	resid	12	utterance_final	prompt_without	0.08968286638825483	28
only	fold	1	resid	10	utterance_final	prompt_without	0.07211150191070408	28
only	fold	1	resid	8	utterance_final	prompt_without	0.06793707883703622	28
only	fold	1	resid	9	utterance_final	prompt_without	0.06489757283769855	28
only	fold	1	resid	7	utterance_final	prompt_without	0.06398602093118179	28
only	fold	1	resid	11	utterance_final	prompt_without	0.06100718629038918	28
only	fold	1	resid	13	utterance_final	prompt_without	0.04586425442733376	28
only	fold	1	resid	6	utterance_final	prompt_without	0.03814325596737787	28
only	fold	1	resid	14	utterance_final	prompt_without	0.032963615773506344	28
only	fold	1	resid	4	utterance_final	prompt_without	0.027590888586970435	28
only	fold	1	resid	5	utterance_final	prompt_without	0.022398602093490046	28
only	fold	1	resid	3	utterance_final	prompt_without	0.018438538362543472	28
only	fold	1	resid	15	utterance_final	prompt_without	0.013037379135733218	28
only	fold	1	resid	16	utterance_final	prompt_without	0.010279187927774453	28
only	fold	1	resid	24	utterance_final	prompt_without	0.006889859244914643	28
only	fold	1	resid	18	utterance_final	prompt_without	0.00624967538232445	28
only	fold	1	resid	17	utterance_final	prompt_without	0.003459744173404353	28
only	fold	1	resid	21	utterance_final	prompt_without	0.003055147888928714	28
only	fold	1	resid	23	utterance_final	prompt_without	0.0020903204991768215	28
only	fold	1	resid	20	utterance_final	prompt_without	0.0017002564333747782	28
only	fold	1	resid	19	utterance_final	prompt_without	0.0015371801810305213	28
only	fold	1	resid	2	utterance_final	prompt_without	0.00043114107385807825	28
only	fold	1	resid	22	utterance_final	prompt_without	4.669737961533203e-05	28
only	fold	1	resid	31	utterance_final	prompt_without	0.0	28
only	fold	1	resid	30	utterance_final	prompt_without	-7.403783028766074e-05	28
only	fold	1	resid	27	utterance_final	prompt_without	-0.0002674349259516179	28
only	fold	1	resid	28	utterance_final	prompt_without	-0.0006543932337618104	28
only	fold	1	resid	25	utterance_final	prompt_without	-0.0006758747441326356	28
only	fold	1	resid	26	utterance_final	prompt_without	-0.0011369591289466605	28
only	fold	1	resid	29	utterance_final	prompt_without	-0.0012295954008455408	28
only	fold	1	resid	1	utterance_final	prompt_without	-0.0019020615686029753	28
only	fold	1	resid	0	utterance_final	prompt_without	-0.002750890593289345	28
only	pooled	all	attn	7	utterance_final	prompt_without	0.048561854229343455	57
only	pooled	all	attn	12	utterance_final	prompt_without	0.041105961078661594	57
only	pooled	all	attn	4	utterance_final	prompt_without	0.027384133365807774	57
only	pooled	all	attn	6	utterance_final	prompt_without	0.02407439891744444	57
only	pooled	all	attn	5	utterance_final	prompt_without	0.021278924208498706	57
only	pooled	all	attn	3	utterance_final	prompt_without	0.01880608362386156	57
only	pooled	all	attn	9	utterance_final	prompt_without	0.01456887505516529	57
only	pooled	all	attn	10	utterance_final	prompt_without	0.014427978546810523	57
only	pooled	all	attn	13	utterance_final	prompt_without	0.010844330601008522	57
only	pooled	all	attn	8	utterance_final	prompt_without	0.005446262323738538	57
only	pooled	all	attn	15	utterance_final	prompt_without	0.0051454552114228586	57
only	pooled	all	attn	2	utterance_final	prompt_without	0.005061568600139461	57
only	pooled	all	attn	11	utterance_final	prompt_without	0.004368972492078704	57
only	pooled	all	attn	16	utterance_final	prompt_without	0.004240268715321293	57
only	pooled	all	attn	14	utterance_final	prompt_without	0.002169504566497235	57
only	pooled	all	attn	21	utterance_final	prompt_without	0.001966419158885786	57
only	pooled	all	attn	17	utterance_final	prompt_without	0.0019007547416058598	57
only	pooled	all	attn	20	utterance_final	prompt_without	0.0018774628764604438	57
only	pooled	all	attn	25	utterance_final	prompt_without	0.0018574267465072192	57
only	pooled	all	attn	19	utterance_final	prompt_without	0.00172482460518467	57
only	pooled	all	attn	30	utterance_final	prompt_without	0.0016575983527470901	57
only	pooled	all	attn	22	utterance_final	prompt_without	0.0016485432559861122	57
only	pooled	all	attn	1	utterance_final	prompt_without	0.0016389765448162823	57
only	pooled	all	attn	28	utterance_final	prompt_without	0.0010766944406533422	57
only	pooled	all	attn	18	utterance_final	prompt_without	0.0006824899226264842	57
only	pooled	all	attn	26	utterance_final	prompt_without	0.0005842684332890963	57
only	pooled	all	attn	24	utterance_final	prompt_without	0.0002633755311321141	57
only	pooled	all	attn	23	utterance_final	prompt_without	0.00017945680954695962	57
only	pooled	all	attn	31	utterance_final	prompt_without	0.0	57
only	pooled	all	attn	0	utterance_final	prompt_without	-0.00039615909138598855	57
only	pooled	all	attn	29	utterance_final	prompt_without	-0.0004492443098887738	57
only	pooled	all	attn	27	utterance_final	prompt_without	-0.0008731373962127871	57
only	pooled	all	mlp	9	utterance_final	prompt_without	0.014187642489182114	57
only	pooled	all	mlp	6	utterance_final	prompt_without	0.012847301894692569	57
only	pooled	all	mlp	15	utterance_final	prompt_without	0.011323913150160732	57
only	pooled	all	mlp	5	utterance_final	prompt_without	0.010150205469345006	57
only	pooled	all	mlp	7	utterance_final	prompt_without	0.008253574451977774	57
only	pooled	all	mlp	4	utterance_final	prompt_without	0.005729871730408247	57
only	pooled	all	mlp	3	utterance_final	prompt_without	0.005714622924410305	57
only	pooled	all	mlp	19	utterance_final	prompt_without	0.0043732208191675035	57
only	pooled	all	mlp	16	utterance_final	prompt_without	0.0038833007237234827	57
only	pooled	all	mlp	26	utterance_final	prompt_without	0.003748785332064621	57
only	pooled	all	mlp	14	utterance_final	prompt_without	0.0036370773165423104	57
only	pooled	all	mlp	2	utterance_final	prompt_without	0.003290993762100418	57
only	pooled	all	mlp	17	utterance_final	prompt_without	0.0020391979253049915	57
only	pooled	all	mlp	30	utterance_final	prompt_without	0.0016254527750400216	57
only	pooled	all	mlp	23	utterance_final	prompt_without	0.0015522521002279879	57
only	pooled	all	mlp	1	utterance_final	prompt_without	0.0009894136769952467	57
only	pooled	all	mlp	8	utterance_final	prompt_without	0.0009463932167436102	57
only	pooled	all	mlp	27	utterance_final	prompt_without	0.0006794851943191172	57
only	pooled	all	mlp	20	utterance_final	prompt_without	0.0005890864151845844	57
only	pooled	all	mlp	24	utterance_final	prompt_without	0.00028607619671236484	57
only	pooled	all	mlp	29	utterance_final	prompt_without	0.00017886153149083343	57
only	pooled	all	mlp	31	utterance_final	prompt_without	0.0	57
only	pooled	all	mlp	22	utterance_final	prompt_without	-0.0001619543510182421	57
only	pooled	all	mlp	25	utterance_final	prompt_without	-0.0001645931601849475	57
only	pooled	all	mlp	21	utterance_final	prompt_without	-0.00020394601436552444	57
only	pooled	all	mlp	18	utterance_final	prompt_without	-0.00025465636333360005	57
only	pooled	all	mlp	28	utterance_final	prompt_without	-0.00032194908732246347	57
only	pooled	all	mlp	0	utterance_final	prompt_without	-0.0016248766145979564	57
only	pooled	all	mlp	12	utterance_final	prompt_without	-0.0019000712324557126	57
only	pooled	all	mlp	13	utterance_final	prompt_without	-0.0027944919486637544	57
only	pooled	all	mlp	10	utterance_final	prompt_without	-0.01158858778314206	57
only	pooled	all	mlp	11	utterance_final	prompt_without	-0.017821343344113966	57
only	pooled	all	resid	12	utterance_final	prompt_without	0.11747396564721173	57
only	pooled	all	resid	7	utterance_final	prompt_without	0.11728940591135004	57
only	pooled	all	resid	8	utterance_final	prompt_without	0.10425988266073025	57
only	pooled	all	resid	10	utterance_final	prompt_without	0.10398010636459011	57
only	pooled	all	resid	11	utterance_final	prompt_without	0.1030629734149439	57
only	pooled	all	resid	9	utterance_final	prompt_without	0.09936374115439174	57
only	pooled	all	resid	6	utterance_final	prompt_without	0.0789616755436813	57
only	pooled	all	resid	13	utterance_final	prompt_without	0.06690256988415128	57
only	pooled	all	resid	5	utterance_final	prompt_without	0.04831031470985271	57
only	pooled	all	resid	14	utterance_final	prompt_without	0.041163730360358385	57
only	pooled	all	resid	4	utterance_final	prompt_without	0.03982224839261193	57
only	pooled	all	resid	15	utterance_final	prompt_without	0.028503276883659633	57
only	pooled	all	resid	16	utterance_final	prompt_without	0.0216068767050925	57
only	pooled	all	resid	3	utterance_final	prompt_without	0.021009378141904265	57
only	pooled	all	resid	17	utterance_final	prompt_without	0.012725521125354959	57
only	pooled	all	resid	18	utterance_final	prompt_without	0.011360847329403213	57
only	pooled	all	resid	24	utterance_final	prompt_without	0.009130249574276975	57
only	pooled	all	resid	19	utterance_final	prompt_without	0.008154963344437006	57
only	pooled	all	resid	20	utterance_final	prompt_without	0.008046398561932913	57
only	pooled	all	resid	21	utterance_final	prompt_without	0.007972557114184896	57
only	pooled	all	resid	22	utterance_final	prompt_without	0.00650697094070734	57
only	pooled	all	resid	25	utterance_final	prompt_without	0.0061632083648279915	57
only	pooled	all	resid	23	utterance_final	prompt_without	0.005113761981375546	57
only	pooled	all	resid	2	utterance_final	prompt_without	0.004740338651525086	57
only	pooled	all	resid	26	utterance_final	prompt_without	0.002966552922685716	57
only	pooled	all	resid	27	utterance_final	prompt_without	0.0028576016739393913	57
only	pooled	all	resid	1	utterance_final	prompt_without	0.002291409903694356	57
only	pooled	all	resid	29	utterance_final	prompt_without	0.0013736232018191359	57
only	pooled	all	resid	28	utterance_final	prompt_without	0.0010577303321906584	57
only	pooled	all	resid	30	utterance_final	prompt_without	1.9360979574442064e-05	57
only	pooled	all	resid	31	utterance_final	prompt_without	0.0	57
only	pooled	all	resid	0	utterance_final	prompt_without	-0.00039615909138598855	57
