particle	component	position_label	corruption_mode	eval_mode	target_type	top_k	site_set_type	effect_score_mean	effect_score_mean_ci_low	effect_score_mean_ci_high	method	run_label	run_label_pretty	run_dir	native_particle	effect_score_original_mean	effect_score_original_ci_low	effect_score_original_ci_high	metric_sign_convention
nonexclusive_just_to_only	attn	utterance_final	prompt_without	necessity	generated	1	localized	-0.0018630819341846	-0.0027325508546752	-0.0009936130136939	component	transfer	Transfer	localization/results/component_transfer_runs/20260729_nonexclusive_just_only_cross_patch/nonexclusive_just_to_only		0.0018630819341846	0.0009936130136939	0.0027325508546752	patched_minus_baseline
nonexclusive_just_to_only	attn	utterance_final	prompt_without	necessity	generated	1	random_mean	-0.0004354132450592	-0.0006376800859541	-0.0002331464041643	component	transfer	Transfer	localization/results/component_transfer_runs/20260729_nonexclusive_just_only_cross_patch/nonexclusive_just_to_only		0.0004354132450592	0.0002331464041643	0.0006376800859541	patched_minus_baseline
nonexclusive_just_to_only	attn	utterance_final	prompt_without	necessity	generated	3	localized	-0.0067545310649325	-0.0073130592350044	-0.0061960028948606	component	transfer	Transfer	localization/results/component_transfer_runs/20260729_nonexclusive_just_only_cross_patch/nonexclusive_just_to_only		0.0067545310649325	0.0061960028948606	0.0073130592350044	patched_minus_baseline
nonexclusive_just_to_only	attn	utterance_final	prompt_without	necessity	generated	3	random_mean	-0.0009680161899873	-0.0015350817314747	-0.0004009506484998	component	transfer	Transfer	localization/results/component_transfer_runs/20260729_nonexclusive_just_only_cross_patch/nonexclusive_just_to_only		0.0009680161899873	0.0004009506484998	0.0015350817314747	patched_minus_baseline
nonexclusive_just_to_only	attn	utterance_final	prompt_without	necessity	generated	5	localized	-0.0114119760552158	-0.0140427674281493	-0.0087811846822823	component	transfer	Transfer	localization/results/component_transfer_runs/20260729_nonexclusive_just_only_cross_patch/nonexclusive_just_to_only		0.0114119760552158	0.0087811846822823	0.0140427674281493	patched_minus_baseline
nonexclusive_just_to_only	attn	utterance_final	prompt_without	necessity	generated	5	random_mean	-0.0015904152735537	-0.0017505375039857	-0.0014302930431218	component	transfer	Transfer	localization/results/component_transfer_runs/20260729_nonexclusive_just_only_cross_patch/nonexclusive_just_to_only		0.0015904152735537	0.0014302930431218	0.0017505375039857	patched_minus_baseline
nonexclusive_just_to_only	attn	utterance_final	prompt_without	necessity	generated	10	localized	-0.018928991977332	-0.0239263950503449	-0.0139315889043191	component	transfer	Transfer	localization/results/component_transfer_runs/20260729_nonexclusive_just_only_cross_patch/nonexclusive_just_to_only		0.018928991977332	0.0139315889043191	0.0239263950503449	patched_minus_baseline
nonexclusive_just_to_only	attn	utterance_final	prompt_without	necessity	generated	10	random_mean	-0.0018064553619667	-0.0022466250529478	-0.0013662856709855	component	transfer	Transfer	localization/results/component_transfer_runs/20260729_nonexclusive_just_only_cross_patch/nonexclusive_just_to_only		0.0018064553619667	0.0013662856709855	0.0022466250529478	patched_minus_baseline
nonexclusive_just_to_only	attn	utterance_final	prompt_without	necessity	gold	1	localized	-0.0016788100618895	-0.0024814229405371	-0.0008761971832419	component	transfer	Transfer	localization/results/component_transfer_runs/20260729_nonexclusive_just_only_cross_patch/nonexclusive_just_to_only		0.0016788100618895	0.0008761971832419	0.0024814229405371	patched_minus_baseline
nonexclusive_just_to_only	attn	utterance_final	prompt_without	necessity	gold	1	random_mean	5.8661724070769217e-05	2.1882569237182183e-05	9.544087890435624e-05	component	transfer	Transfer	localization/results/component_transfer_runs/20260729_nonexclusive_just_only_cross_patch/nonexclusive_just_to_only		-5.8661724070769217e-05	-9.544087890435624e-05	-2.1882569237182183e-05	patched_minus_baseline
nonexclusive_just_to_only	attn	utterance_final	prompt_without	necessity	gold	3	localized	-0.0017214688106393	-0.0022481863081821	-0.0011947513130965	component	transfer	Transfer	localization/results/component_transfer_runs/20260729_nonexclusive_just_only_cross_patch/nonexclusive_just_to_only		0.0017214688106393	0.0011947513130965	0.0022481863081821	patched_minus_baseline
nonexclusive_just_to_only	attn	utterance_final	prompt_without	necessity	gold	3	random_mean	-7.934809034024833e-05	-0.0004008040822605	0.00024210790158	component	transfer	Transfer	localization/results/component_transfer_runs/20260729_nonexclusive_just_only_cross_patch/nonexclusive_just_to_only		7.934809034024833e-05	-0.00024210790158	0.0004008040822605	patched_minus_baseline
nonexclusive_just_to_only	attn	utterance_final	prompt_without	necessity	gold	5	localized	-0.0022920751168771	-0.0026370060027427	-0.0019471442310116	component	transfer	Transfer	localization/results/component_transfer_runs/20260729_nonexclusive_just_only_cross_patch/nonexclusive_just_to_only		0.0022920751168771	0.0019471442310116	0.0026370060027427	patched_minus_baseline
nonexclusive_just_to_only	attn	utterance_final	prompt_without	necessity	gold	5	random_mean	-6.226025554461263e-05	-0.0001126031182574	-1.1917392831770266e-05	component	transfer	Transfer	localization/results/component_transfer_runs/20260729_nonexclusive_just_only_cross_patch/nonexclusive_just_to_only		6.226025554461263e-05	1.1917392831770266e-05	0.0001126031182574	patched_minus_baseline
nonexclusive_just_to_only	attn	utterance_final	prompt_without	necessity	gold	10	localized	-0.0070925666827447	-0.0093409901092009	-0.0048441432562884	component	transfer	Transfer	localization/results/component_transfer_runs/20260729_nonexclusive_just_only_cross_patch/nonexclusive_just_to_only		0.0070925666827447	0.0048441432562884	0.0093409901092009	patched_minus_baseline
nonexclusive_just_to_only	attn	utterance_final	prompt_without	necessity	gold	10	random_mean	0.0008077309731972	2.159964611425455e-05	0.0015938623002803	component	transfer	Transfer	localization/results/component_transfer_runs/20260729_nonexclusive_just_only_cross_patch/nonexclusive_just_to_only		-0.0008077309731972	-0.0015938623002803	-2.159964611425455e-05	patched_minus_baseline
nonexclusive_just_to_only	mlp	utterance_final	prompt_without	necessity	generated	1	localized	0.0001357566446002	-0.0012017049507501	0.0014732182399507	component	transfer	Transfer	localization/results/component_transfer_runs/20260729_nonexclusive_just_only_cross_patch/nonexclusive_just_to_only		-0.0001357566446002	-0.0014732182399507	0.0012017049507501	patched_minus_baseline
nonexclusive_just_to_only	mlp	utterance_final	prompt_without	necessity	generated	1	random_mean	0.0001644731760388	0.0001292796856726	0.0001996666664051	component	transfer	Transfer	localization/results/component_transfer_runs/20260729_nonexclusive_just_only_cross_patch/nonexclusive_just_to_only		-0.0001644731760388	-0.0001996666664051	-0.0001292796856726	patched_minus_baseline
nonexclusive_just_to_only	mlp	utterance_final	prompt_without	necessity	generated	3	localized	-0.0012044818536019	-0.0012338961232858	-0.001175067583918	component	transfer	Transfer	localization/results/component_transfer_runs/20260729_nonexclusive_just_only_cross_patch/nonexclusive_just_to_only		0.0012044818536019	0.001175067583918	0.0012338961232858	patched_minus_baseline
nonexclusive_just_to_only	mlp	utterance_final	prompt_without	necessity	generated	3	random_mean	-0.0012440467904787	-0.0018918939203181	-0.0005961996606392	component	transfer	Transfer	localization/results/component_transfer_runs/20260729_nonexclusive_just_only_cross_patch/nonexclusive_just_to_only		0.0012440467904787	0.0005961996606392	0.0018918939203181	patched_minus_baseline
nonexclusive_just_to_only	mlp	utterance_final	prompt_without	necessity	generated	5	localized	-0.0031261990011708	-0.0047934686269243	-0.0014589293754173	component	transfer	Transfer	localization/results/component_transfer_runs/20260729_nonexclusive_just_only_cross_patch/nonexclusive_just_to_only		0.0031261990011708	0.0014589293754173	0.0047934686269243	patched_minus_baseline
nonexclusive_just_to_only	mlp	utterance_final	prompt_without	necessity	generated	5	random_mean	-0.0006109566984134	-0.0006766714095488	-0.0005452419872779	component	transfer	Transfer	localization/results/component_transfer_runs/20260729_nonexclusive_just_only_cross_patch/nonexclusive_just_to_only		0.0006109566984134	0.0005452419872779	0.0006766714095488	patched_minus_baseline
nonexclusive_just_to_only	mlp	utterance_final	prompt_without	necessity	generated	10	localized	-0.0044014656797852	-0.0068454742481129	-0.0019574571114575	component	transfer	Transfer	localization/results/component_transfer_runs/20260729_nonexclusive_just_only_cross_patch/nonexclusive_just_to_only		0.0044014656797852	0.0019574571114575	0.0068454742481129	patched_minus_baseline
nonexclusive_just_to_only	mlp	utterance_final	prompt_without	necessity	generated	10	random_mean	-0.0015602977061541	-0.0016463963265731	-0.001474199085735	component	transfer	Transfer	localization/results/component_transfer_runs/20260729_nonexclusive_just_only_cross_patch/nonexclusive_just_to_only		0.0015602977061541	0.001474199085735	0.0016463963265731	patched_minus_baseline
nonexclusive_just_to_only	mlp	utterance_final	prompt_without	necessity	gold	1	localized	-0.0005813392566111	-0.0009314761661807	-0.0002312023470414	component	transfer	Transfer	localization/results/component_transfer_runs/20260729_nonexclusive_just_only_cross_patch/nonexclusive_just_to_only		0.0005813392566111	0.0002312023470414	0.0009314761661807	patched_minus_baseline
nonexclusive_just_to_only	mlp	utterance_final	prompt_without	necessity	gold	1	random_mean	-0.0002159538923283	-0.0005661793838845	0.0001342715992279	component	transfer	Transfer	localization/results/component_transfer_runs/20260729_nonexclusive_just_only_cross_patch/nonexclusive_just_to_only		0.0002159538923283	-0.0001342715992279	0.0005661793838845	patched_minus_baseline
nonexclusive_just_to_only	mlp	utterance_final	prompt_without	necessity	gold	3	localized	-0.0022204097056596	-0.003505582632453	-0.0009352367788661	component	transfer	Transfer	localization/results/component_transfer_runs/20260729_nonexclusive_just_only_cross_patch/nonexclusive_just_to_only		0.0022204097056596	0.0009352367788661	0.003505582632453	patched_minus_baseline
nonexclusive_just_to_only	mlp	utterance_final	prompt_without	necessity	gold	3	random_mean	0.0002094174029897	-0.0004788849564334	0.000897719762413	component	transfer	Transfer	localization/results/component_transfer_runs/20260729_nonexclusive_just_only_cross_patch/nonexclusive_just_to_only		-0.0002094174029897	-0.000897719762413	0.0004788849564334	patched_minus_baseline
nonexclusive_just_to_only	mlp	utterance_final	prompt_without	necessity	gold	5	localized	-0.0024745826036034	-0.0033794472323237	-0.001569717974883	component	transfer	Transfer	localization/results/component_transfer_runs/20260729_nonexclusive_just_only_cross_patch/nonexclusive_just_to_only		0.0024745826036034	0.001569717974883	0.0033794472323237	patched_minus_baseline
nonexclusive_just_to_only	mlp	utterance_final	prompt_without	necessity	gold	5	random_mean	0.0003695918165526	-0.0003950766596565	0.0011342602927618	component	transfer	Transfer	localization/results/component_transfer_runs/20260729_nonexclusive_just_only_cross_patch/nonexclusive_just_to_only		-0.0003695918165526	-0.0011342602927618	0.0003950766596565	patched_minus_baseline
nonexclusive_just_to_only	mlp	utterance_final	prompt_without	necessity	gold	10	localized	-0.0035373612685298	-0.0047187918627689	-0.0023559306742906	component	transfer	Transfer	localization/results/component_transfer_runs/20260729_nonexclusive_just_only_cross_patch/nonexclusive_just_to_only		0.0035373612685298	0.0023559306742906	0.0047187918627689	patched_minus_baseline
nonexclusive_just_to_only	mlp	utterance_final	prompt_without	necessity	gold	10	random_mean	-0.0004320944327648	-0.0019393458160197	0.00107515695049	component	transfer	Transfer	localization/results/component_transfer_runs/20260729_nonexclusive_just_only_cross_patch/nonexclusive_just_to_only		0.0004320944327648	-0.00107515695049	0.0019393458160197	patched_minus_baseline
nonexclusive_just_to_only	resid	utterance_final	prompt_without	necessity	generated	1	localized	-0.0100953094395919	-0.0119218141319073	-0.0082688047472764	component	transfer	Transfer	localization/results/component_transfer_runs/20260729_nonexclusive_just_only_cross_patch/nonexclusive_just_to_only		0.0100953094395919	0.0082688047472764	0.0119218141319073	patched_minus_baseline
nonexclusive_just_to_only	resid	utterance_final	prompt_without	necessity	generated	1	random_mean	-0.0027675689053146	-0.0031045895835842	-0.002430548227045	component	transfer	Transfer	localization/results/component_transfer_runs/20260729_nonexclusive_just_only_cross_patch/nonexclusive_just_to_only		0.0027675689053146	0.002430548227045	0.0031045895835842	patched_minus_baseline
nonexclusive_just_to_only	resid	utterance_final	prompt_without	necessity	generated	3	localized	-0.0151214629446503	-0.0168442374001154	-0.0133986884891853	component	transfer	Transfer	localization/results/component_transfer_runs/20260729_nonexclusive_just_only_cross_patch/nonexclusive_just_to_only		0.0151214629446503	0.0133986884891853	0.0168442374001154	patched_minus_baseline
nonexclusive_just_to_only	resid	utterance_final	prompt_without	necessity	generated	3	random_mean	-0.0078938405658974	-0.0096524290957486	-0.0061352520360462	component	transfer	Transfer	localization/results/component_transfer_runs/20260729_nonexclusive_just_only_cross_patch/nonexclusive_just_to_only		0.0078938405658974	0.0061352520360462	0.0096524290957486	patched_minus_baseline
nonexclusive_just_to_only	resid	utterance_final	prompt_without	necessity	generated	5	localized	-0.0190980015881762	-0.0206952760690379	-0.0175007271073146	component	transfer	Transfer	localization/results/component_transfer_runs/20260729_nonexclusive_just_only_cross_patch/nonexclusive_just_to_only		0.0190980015881762	0.0175007271073146	0.0206952760690379	patched_minus_baseline
nonexclusive_just_to_only	resid	utterance_final	prompt_without	necessity	generated	5	random_mean	-0.0064064835273024	-0.0064303772834032	-0.0063825897712016	component	transfer	Transfer	localization/results/component_transfer_runs/20260729_nonexclusive_just_only_cross_patch/nonexclusive_just_to_only		0.0064064835273024	0.0063825897712016	0.0064303772834032	patched_minus_baseline
nonexclusive_just_to_only	resid	utterance_final	prompt_without	necessity	generated	10	localized	-0.0246351336365276	-0.0256189999974667	-0.0236512672755884	component	transfer	Transfer	localization/results/component_transfer_runs/20260729_nonexclusive_just_only_cross_patch/nonexclusive_just_to_only		0.0246351336365276	0.0236512672755884	0.0256189999974667	patched_minus_baseline
nonexclusive_just_to_only	resid	utterance_final	prompt_without	necessity	generated	10	random_mean	-0.0060284034650995	-0.0070317793592981	-0.0050250275709009	component	transfer	Transfer	localization/results/component_transfer_runs/20260729_nonexclusive_just_only_cross_patch/nonexclusive_just_to_only		0.0060284034650995	0.0050250275709009	0.0070317793592981	patched_minus_baseline
nonexclusive_just_to_only	resid	utterance_final	prompt_without	necessity	gold	1	localized	-0.0028466481665639	-0.003347483210654	-0.0023458131224737	component	transfer	Transfer	localization/results/component_transfer_runs/20260729_nonexclusive_just_only_cross_patch/nonexclusive_just_to_only		0.0028466481665639	0.0023458131224737	0.003347483210654	patched_minus_baseline
nonexclusive_just_to_only	resid	utterance_final	prompt_without	necessity	gold	1	random_mean	-0.0006800197326705	-0.0009569186603652	-0.0004031208049758	component	transfer	Transfer	localization/results/component_transfer_runs/20260729_nonexclusive_just_only_cross_patch/nonexclusive_just_to_only		0.0006800197326705	0.0004031208049758	0.0009569186603652	patched_minus_baseline
nonexclusive_just_to_only	resid	utterance_final	prompt_without	necessity	gold	3	localized	-0.0038616445895542	-0.0040475694897239	-0.0036757196893844	component	transfer	Transfer	localization/results/component_transfer_runs/20260729_nonexclusive_just_only_cross_patch/nonexclusive_just_to_only		0.0038616445895542	0.0036757196893844	0.0040475694897239	patched_minus_baseline
nonexclusive_just_to_only	resid	utterance_final	prompt_without	necessity	gold	3	random_mean	-0.0023719548299041	-0.0031551651629663	-0.0015887444968419	component	transfer	Transfer	localization/results/component_transfer_runs/20260729_nonexclusive_just_only_cross_patch/nonexclusive_just_to_only		0.0023719548299041	0.0015887444968419	0.0031551651629663	patched_minus_baseline
nonexclusive_just_to_only	resid	utterance_final	prompt_without	necessity	gold	5	localized	-0.0059404196583025	-0.0065979576297722	-0.0052828816868328	component	transfer	Transfer	localization/results/component_transfer_runs/20260729_nonexclusive_just_only_cross_patch/nonexclusive_just_to_only		0.0059404196583025	0.0052828816868328	0.0065979576297722	patched_minus_baseline
nonexclusive_just_to_only	resid	utterance_final	prompt_without	necessity	gold	5	random_mean	-0.0020702361952842	-0.0025724922456177	-0.0015679801449507	component	transfer	Transfer	localization/results/component_transfer_runs/20260729_nonexclusive_just_only_cross_patch/nonexclusive_just_to_only		0.0020702361952842	0.0015679801449507	0.0025724922456177	patched_minus_baseline
nonexclusive_just_to_only	resid	utterance_final	prompt_without	necessity	gold	10	localized	-0.0089545575645209	-0.0093184376993199	-0.0085906774297219	component	transfer	Transfer	localization/results/component_transfer_runs/20260729_nonexclusive_just_only_cross_patch/nonexclusive_just_to_only		0.0089545575645209	0.0085906774297219	0.0093184376993199	patched_minus_baseline
nonexclusive_just_to_only	resid	utterance_final	prompt_without	necessity	gold	10	random_mean	-0.0024055795615758	-0.0025254182925689	-0.0022857408305826	component	transfer	Transfer	localization/results/component_transfer_runs/20260729_nonexclusive_just_only_cross_patch/nonexclusive_just_to_only		0.0024055795615758	0.0022857408305826	0.0025254182925689	patched_minus_baseline
only_to_nonexclusive_just	attn	utterance_final	prompt_without	necessity	generated	1	localized	-0.0010596375569256	-0.0011248643005377	-0.0009944108133134	component	transfer	Transfer	localization/results/component_transfer_runs/20260729_nonexclusive_just_only_cross_patch/only_to_nonexclusive_just		0.0010596375569256	0.0009944108133134	0.0011248643005377	patched_minus_baseline
only_to_nonexclusive_just	attn	utterance_final	prompt_without	necessity	generated	1	random_mean	-0.0004467045258757	-0.0007714768534086	-0.0001219321983427	component	transfer	Transfer	localization/results/component_transfer_runs/20260729_nonexclusive_just_only_cross_patch/only_to_nonexclusive_just		0.0004467045258757	0.0001219321983427	0.0007714768534086	patched_minus_baseline
only_to_nonexclusive_just	attn	utterance_final	prompt_without	necessity	generated	3	localized	-0.0042573308562601	-0.0062929593144053	-0.002221702398115	component	transfer	Transfer	localization/results/component_transfer_runs/20260729_nonexclusive_just_only_cross_patch/only_to_nonexclusive_just		0.0042573308562601	0.002221702398115	0.0062929593144053	patched_minus_baseline
only_to_nonexclusive_just	attn	utterance_final	prompt_without	necessity	generated	3	random_mean	-0.0005484442019804	-0.000650979529132	-0.0004459088748289	component	transfer	Transfer	localization/results/component_transfer_runs/20260729_nonexclusive_just_only_cross_patch/only_to_nonexclusive_just		0.0005484442019804	0.0004459088748289	0.000650979529132	patched_minus_baseline
only_to_nonexclusive_just	attn	utterance_final	prompt_without	necessity	generated	5	localized	-0.0081394451543091	-0.0122839948751512	-0.0039948954334669	component	transfer	Transfer	localization/results/component_transfer_runs/20260729_nonexclusive_just_only_cross_patch/only_to_nonexclusive_just		0.0081394451543091	0.0039948954334669	0.0122839948751512	patched_minus_baseline
only_to_nonexclusive_just	attn	utterance_final	prompt_without	necessity	generated	5	random_mean	-0.0011152016722617	-0.0014037678252331	-0.0008266355192903	component	transfer	Transfer	localization/results/component_transfer_runs/20260729_nonexclusive_just_only_cross_patch/only_to_nonexclusive_just		0.0011152016722617	0.0008266355192903	0.0014037678252331	patched_minus_baseline
only_to_nonexclusive_just	attn	utterance_final	prompt_without	necessity	generated	10	localized	-0.0127128031691761	-0.0187560602762598	-0.0066695460620925	component	transfer	Transfer	localization/results/component_transfer_runs/20260729_nonexclusive_just_only_cross_patch/only_to_nonexclusive_just		0.0127128031691761	0.0066695460620925	0.0187560602762598	patched_minus_baseline
only_to_nonexclusive_just	attn	utterance_final	prompt_without	necessity	generated	10	random_mean	-0.0012848279384539	-0.0016693935616486	-0.0009002623152592	component	transfer	Transfer	localization/results/component_transfer_runs/20260729_nonexclusive_just_only_cross_patch/only_to_nonexclusive_just		0.0012848279384539	0.0009002623152592	0.0016693935616486	patched_minus_baseline
only_to_nonexclusive_just	attn	utterance_final	prompt_without	necessity	gold	1	localized	0.0010451323248506	0.000378809758759	0.0017114548909422	component	transfer	Transfer	localization/results/component_transfer_runs/20260729_nonexclusive_just_only_cross_patch/only_to_nonexclusive_just		-0.0010451323248506	-0.0017114548909422	-0.000378809758759	patched_minus_baseline
only_to_nonexclusive_just	attn	utterance_final	prompt_without	necessity	gold	1	random_mean	0.0005179766000349	0.0002830259996839	0.000752927200386	component	transfer	Transfer	localization/results/component_transfer_runs/20260729_nonexclusive_just_only_cross_patch/only_to_nonexclusive_just		-0.0005179766000349	-0.000752927200386	-0.0002830259996839	patched_minus_baseline
only_to_nonexclusive_just	attn	utterance_final	prompt_without	necessity	gold	3	localized	0.0026693833632399	0.0026342273181449	0.002704539408335	component	transfer	Transfer	localization/results/component_transfer_runs/20260729_nonexclusive_just_only_cross_patch/only_to_nonexclusive_just		-0.0026693833632399	-0.002704539408335	-0.0026342273181449	patched_minus_baseline
only_to_nonexclusive_just	attn	utterance_final	prompt_without	necessity	gold	3	random_mean	-0.0003428706491725	-0.000743825427165	5.80841288199574e-05	component	transfer	Transfer	localization/results/component_transfer_runs/20260729_nonexclusive_just_only_cross_patch/only_to_nonexclusive_just		0.0003428706491725	-5.80841288199574e-05	0.000743825427165	patched_minus_baseline
only_to_nonexclusive_just	attn	utterance_final	prompt_without	necessity	gold	5	localized	0.0016270570494943	0.0008840248121509	0.0023700892868376	component	transfer	Transfer	localization/results/component_transfer_runs/20260729_nonexclusive_just_only_cross_patch/only_to_nonexclusive_just		-0.0016270570494943	-0.0023700892868376	-0.0008840248121509	patched_minus_baseline
only_to_nonexclusive_just	attn	utterance_final	prompt_without	necessity	gold	5	random_mean	-2.1293220988303585e-05	-0.0007220362856011	0.0006794498436245	component	transfer	Transfer	localization/results/component_transfer_runs/20260729_nonexclusive_just_only_cross_patch/only_to_nonexclusive_just		2.1293220988303585e-05	-0.0006794498436245	0.0007220362856011	patched_minus_baseline
only_to_nonexclusive_just	attn	utterance_final	prompt_without	necessity	gold	10	localized	0.0003278867124358	-0.0017242515505033	0.002380024975375	component	transfer	Transfer	localization/results/component_transfer_runs/20260729_nonexclusive_just_only_cross_patch/only_to_nonexclusive_just		-0.0003278867124358	-0.002380024975375	0.0017242515505033	patched_minus_baseline
only_to_nonexclusive_just	attn	utterance_final	prompt_without	necessity	gold	10	random_mean	-0.0002409410227821	-0.000589588235467	0.0001077061899027	component	transfer	Transfer	localization/results/component_transfer_runs/20260729_nonexclusive_just_only_cross_patch/only_to_nonexclusive_just		0.0002409410227821	-0.0001077061899027	0.000589588235467	patched_minus_baseline
only_to_nonexclusive_just	mlp	utterance_final	prompt_without	necessity	generated	1	localized	-0.0001879841145304	-0.0002655216645176	-0.0001104465645432	component	transfer	Transfer	localization/results/component_transfer_runs/20260729_nonexclusive_just_only_cross_patch/only_to_nonexclusive_just		0.0001879841145304	0.0001104465645432	0.0002655216645176	patched_minus_baseline
only_to_nonexclusive_just	mlp	utterance_final	prompt_without	necessity	generated	1	random_mean	-0.0003591414326987	-0.000611000459514	-0.0001072824058834	component	transfer	Transfer	localization/results/component_transfer_runs/20260729_nonexclusive_just_only_cross_patch/only_to_nonexclusive_just		0.0003591414326987	0.0001072824058834	0.000611000459514	patched_minus_baseline
only_to_nonexclusive_just	mlp	utterance_final	prompt_without	necessity	generated	3	localized	-0.0025908184258434	-0.0050223927134658	-0.000159244138221	component	transfer	Transfer	localization/results/component_transfer_runs/20260729_nonexclusive_just_only_cross_patch/only_to_nonexclusive_just		0.0025908184258434	0.000159244138221	0.0050223927134658	patched_minus_baseline
only_to_nonexclusive_just	mlp	utterance_final	prompt_without	necessity	generated	3	random_mean	-0.0013566131796438	-0.0013719918634027	-0.0013412344958849	component	transfer	Transfer	localization/results/component_transfer_runs/20260729_nonexclusive_just_only_cross_patch/only_to_nonexclusive_just		0.0013566131796438	0.0013412344958849	0.0013719918634027	patched_minus_baseline
only_to_nonexclusive_just	mlp	utterance_final	prompt_without	necessity	generated	5	localized	-0.0033532935804096	-0.006437854682278	-0.0002687324785412	component	transfer	Transfer	localization/results/component_transfer_runs/20260729_nonexclusive_just_only_cross_patch/only_to_nonexclusive_just		0.0033532935804096	0.0002687324785412	0.006437854682278	patched_minus_baseline
only_to_nonexclusive_just	mlp	utterance_final	prompt_without	necessity	generated	5	random_mean	-0.0008519333001784	-0.0012831242518589	-0.0004207423484978	component	transfer	Transfer	localization/results/component_transfer_runs/20260729_nonexclusive_just_only_cross_patch/only_to_nonexclusive_just		0.0008519333001784	0.0004207423484978	0.0012831242518589	patched_minus_baseline
only_to_nonexclusive_just	mlp	utterance_final	prompt_without	necessity	generated	10	localized	-0.0037720253320568	-0.0072288853077905	-0.000315165356323	component	transfer	Transfer	localization/results/component_transfer_runs/20260729_nonexclusive_just_only_cross_patch/only_to_nonexclusive_just		0.0037720253320568	0.000315165356323	0.0072288853077905	patched_minus_baseline
only_to_nonexclusive_just	mlp	utterance_final	prompt_without	necessity	generated	10	random_mean	-0.0019451132850511	-0.002155732838577	-0.0017344937315252	component	transfer	Transfer	localization/results/component_transfer_runs/20260729_nonexclusive_just_only_cross_patch/only_to_nonexclusive_just		0.0019451132850511	0.0017344937315252	0.002155732838577	patched_minus_baseline
only_to_nonexclusive_just	mlp	utterance_final	prompt_without	necessity	gold	1	localized	0.000316878896561	-0.0008876580109712	0.0015214158040933	component	transfer	Transfer	localization/results/component_transfer_runs/20260729_nonexclusive_just_only_cross_patch/only_to_nonexclusive_just		-0.000316878896561	-0.0015214158040933	0.0008876580109712	patched_minus_baseline
only_to_nonexclusive_just	mlp	utterance_final	prompt_without	necessity	gold	1	random_mean	-0.0001835597636118	-0.0003993770471301	3.2257519906409014e-05	component	transfer	Transfer	localization/results/component_transfer_runs/20260729_nonexclusive_just_only_cross_patch/only_to_nonexclusive_just		0.0001835597636118	-3.2257519906409014e-05	0.0003993770471301	patched_minus_baseline
only_to_nonexclusive_just	mlp	utterance_final	prompt_without	necessity	gold	3	localized	-0.0020501586127545	-0.0020544412919068	-0.0020458759336022	component	transfer	Transfer	localization/results/component_transfer_runs/20260729_nonexclusive_just_only_cross_patch/only_to_nonexclusive_just		0.0020501586127545	0.0020458759336022	0.0020544412919068	patched_minus_baseline
only_to_nonexclusive_just	mlp	utterance_final	prompt_without	necessity	gold	3	random_mean	0.0002517043730714	-0.0002365550817909	0.0007399638279337	component	transfer	Transfer	localization/results/component_transfer_runs/20260729_nonexclusive_just_only_cross_patch/only_to_nonexclusive_just		-0.0002517043730714	-0.0007399638279337	0.0002365550817909	patched_minus_baseline
only_to_nonexclusive_just	mlp	utterance_final	prompt_without	necessity	gold	5	localized	-0.0017116729734113	-0.0033350414181897	-8.830452863294684e-05	component	transfer	Transfer	localization/results/component_transfer_runs/20260729_nonexclusive_just_only_cross_patch/only_to_nonexclusive_just		0.0017116729734113	8.830452863294684e-05	0.0033350414181897	patched_minus_baseline
only_to_nonexclusive_just	mlp	utterance_final	prompt_without	necessity	gold	5	random_mean	-0.001175798689449	-0.0011916460402802	-0.0011599513386178	component	transfer	Transfer	localization/results/component_transfer_runs/20260729_nonexclusive_just_only_cross_patch/only_to_nonexclusive_just		0.001175798689449	0.0011599513386178	0.0011916460402802	patched_minus_baseline
only_to_nonexclusive_just	mlp	utterance_final	prompt_without	necessity	gold	10	localized	-0.0024442696518175	-0.0041800387170174	-0.0007085005866175	component	transfer	Transfer	localization/results/component_transfer_runs/20260729_nonexclusive_just_only_cross_patch/only_to_nonexclusive_just		0.0024442696518175	0.0007085005866175	0.0041800387170174	patched_minus_baseline
only_to_nonexclusive_just	mlp	utterance_final	prompt_without	necessity	gold	10	random_mean	-0.0012449462057645	-0.0030756824052872	0.0005857899937582	component	transfer	Transfer	localization/results/component_transfer_runs/20260729_nonexclusive_just_only_cross_patch/only_to_nonexclusive_just		0.0012449462057645	-0.0005857899937582	0.0030756824052872	patched_minus_baseline
only_to_nonexclusive_just	resid	utterance_final	prompt_without	necessity	generated	1	localized	-0.0054783084248461	-0.0076013483358649	-0.0033552685138273	component	transfer	Transfer	localization/results/component_transfer_runs/20260729_nonexclusive_just_only_cross_patch/only_to_nonexclusive_just		0.0054783084248461	0.0033552685138273	0.0076013483358649	patched_minus_baseline
only_to_nonexclusive_just	resid	utterance_final	prompt_without	necessity	generated	1	random_mean	-0.0039345864623374	-0.0062664645623538	-0.001602708362321	component	transfer	Transfer	localization/results/component_transfer_runs/20260729_nonexclusive_just_only_cross_patch/only_to_nonexclusive_just		0.0039345864623374	0.001602708362321	0.0062664645623538	patched_minus_baseline
only_to_nonexclusive_just	resid	utterance_final	prompt_without	necessity	generated	3	localized	-0.011349411361693	-0.0158142322464684	-0.0068845904769175	component	transfer	Transfer	localization/results/component_transfer_runs/20260729_nonexclusive_just_only_cross_patch/only_to_nonexclusive_just		0.011349411361693	0.0068845904769175	0.0158142322464684	patched_minus_baseline
only_to_nonexclusive_just	resid	utterance_final	prompt_without	necessity	generated	3	random_mean	-0.0041481009013175	-0.0054124458207545	-0.0028837559818805	component	transfer	Transfer	localization/results/component_transfer_runs/20260729_nonexclusive_just_only_cross_patch/only_to_nonexclusive_just		0.0041481009013175	0.0028837559818805	0.0054124458207545	patched_minus_baseline
only_to_nonexclusive_just	resid	utterance_final	prompt_without	necessity	generated	5	localized	-0.013188319575144	-0.0185531217254766	-0.0078235174248114	component	transfer	Transfer	localization/results/component_transfer_runs/20260729_nonexclusive_just_only_cross_patch/only_to_nonexclusive_just		0.013188319575144	0.0078235174248114	0.0185531217254766	patched_minus_baseline
only_to_nonexclusive_just	resid	utterance_final	prompt_without	necessity	generated	5	random_mean	-0.0050107246658597	-0.0050120375457321	-0.0050094117859873	component	transfer	Transfer	localization/results/component_transfer_runs/20260729_nonexclusive_just_only_cross_patch/only_to_nonexclusive_just		0.0050107246658597	0.0050094117859873	0.0050120375457321	patched_minus_baseline
only_to_nonexclusive_just	resid	utterance_final	prompt_without	necessity	generated	10	localized	-0.017353668014786	-0.024651948660753	-0.0100553873688191	component	transfer	Transfer	localization/results/component_transfer_runs/20260729_nonexclusive_just_only_cross_patch/only_to_nonexclusive_just		0.017353668014786	0.0100553873688191	0.024651948660753	patched_minus_baseline
only_to_nonexclusive_just	resid	utterance_final	prompt_without	necessity	generated	10	random_mean	-0.0035285388038581	-0.0035328832807215	-0.0035241943269948	component	transfer	Transfer	localization/results/component_transfer_runs/20260729_nonexclusive_just_only_cross_patch/only_to_nonexclusive_just		0.0035285388038581	0.0035241943269948	0.0035328832807215	patched_minus_baseline
only_to_nonexclusive_just	resid	utterance_final	prompt_without	necessity	gold	1	localized	-0.0013924347072467	-0.0020462601788883	-0.0007386092356051	component	transfer	Transfer	localization/results/component_transfer_runs/20260729_nonexclusive_just_only_cross_patch/only_to_nonexclusive_just		0.0013924347072467	0.0007386092356051	0.0020462601788883	patched_minus_baseline
only_to_nonexclusive_just	resid	utterance_final	prompt_without	necessity	gold	1	random_mean	-0.0004596349299811	-0.0010044998370187	8.522997705641873e-05	component	transfer	Transfer	localization/results/component_transfer_runs/20260729_nonexclusive_just_only_cross_patch/only_to_nonexclusive_just		0.0004596349299811	-8.522997705641873e-05	0.0010044998370187	patched_minus_baseline
only_to_nonexclusive_just	resid	utterance_final	prompt_without	necessity	gold	3	localized	-0.0009280202374124	-0.0029203786769835	0.0010643382021585	component	transfer	Transfer	localization/results/component_transfer_runs/20260729_nonexclusive_just_only_cross_patch/only_to_nonexclusive_just		0.0009280202374124	-0.0010643382021585	0.0029203786769835	patched_minus_baseline
only_to_nonexclusive_just	resid	utterance_final	prompt_without	necessity	gold	3	random_mean	-0.0010860132663969	-0.0017291345386652	-0.0004428919941286	component	transfer	Transfer	localization/results/component_transfer_runs/20260729_nonexclusive_just_only_cross_patch/only_to_nonexclusive_just		0.0010860132663969	0.0004428919941286	0.0017291345386652	patched_minus_baseline
only_to_nonexclusive_just	resid	utterance_final	prompt_without	necessity	gold	5	localized	-0.0004422709196738	-0.0032558519619044	0.0023713101225567	component	transfer	Transfer	localization/results/component_transfer_runs/20260729_nonexclusive_just_only_cross_patch/only_to_nonexclusive_just		0.0004422709196738	-0.0023713101225567	0.0032558519619044	patched_minus_baseline
only_to_nonexclusive_just	resid	utterance_final	prompt_without	necessity	gold	5	random_mean	-0.0024994219267669	-0.0040616261968182	-0.0009372176567156	component	transfer	Transfer	localization/results/component_transfer_runs/20260729_nonexclusive_just_only_cross_patch/only_to_nonexclusive_just		0.0024994219267669	0.0009372176567156	0.0040616261968182	patched_minus_baseline
only_to_nonexclusive_just	resid	utterance_final	prompt_without	necessity	gold	10	localized	-0.0012644404829334	-0.0055597384839518	0.0030308575180849	component	transfer	Transfer	localization/results/component_transfer_runs/20260729_nonexclusive_just_only_cross_patch/only_to_nonexclusive_just		0.0012644404829334	-0.0030308575180849	0.0055597384839518	patched_minus_baseline
only_to_nonexclusive_just	resid	utterance_final	prompt_without	necessity	gold	10	random_mean	-0.0020543276681635	-0.0040370958853775	-7.15594509496024e-05	component	transfer	Transfer	localization/results/component_transfer_runs/20260729_nonexclusive_just_only_cross_patch/only_to_nonexclusive_just		0.0020543276681635	7.15594509496024e-05	0.0040370958853775	patched_minus_baseline
nonexclusive_just_to_only	attn	utterance_final	prompt_without	necessity	generated	1	target_native	-0.0033295129824507	-0.003344735827331	-0.0033142901375704	component	target_native	Target Native	localization/results/component_patch_runs/20260723_expanded_utterance_final_Meta-Llama-3-8B_not_just_only_full/only	only	0.0033295129824507	0.0033142901375704	0.003344735827331	patched_minus_baseline
nonexclusive_just_to_only	attn	utterance_final	prompt_without	necessity	generated	3	target_native	-0.0075838843731564	-0.0077097282747526	-0.0074580404715602	component	target_native	Target Native	localization/results/component_patch_runs/20260723_expanded_utterance_final_Meta-Llama-3-8B_not_just_only_full/only	only	0.0075838843731564	0.0074580404715602	0.0077097282747526	patched_minus_baseline
nonexclusive_just_to_only	attn	utterance_final	prompt_without	necessity	generated	5	target_native	-0.0116522040010122	-0.0122742188308115	-0.0110301891712128	component	target_native	Target Native	localization/results/component_patch_runs/20260723_expanded_utterance_final_Meta-Llama-3-8B_not_just_only_full/only	only	0.0116522040010122	0.0110301891712128	0.0122742188308115	patched_minus_baseline
nonexclusive_just_to_only	attn	utterance_final	prompt_without	necessity	generated	10	target_native	-0.0199277843340339	-0.0199685601752648	-0.019887008492803	component	target_native	Target Native	localization/results/component_patch_runs/20260723_expanded_utterance_final_Meta-Llama-3-8B_not_just_only_full/only	only	0.0199277843340339	0.019887008492803	0.0199685601752648	patched_minus_baseline
nonexclusive_just_to_only	attn	utterance_final	prompt_without	necessity	gold	1	target_native	0.0003826652939167	8.542043847923977e-05	0.0006799101493543	component	target_native	Target Native	localization/results/component_patch_runs/20260723_expanded_utterance_final_Meta-Llama-3-8B_not_just_only_full/only	only	-0.0003826652939167	-0.0006799101493543	-8.542043847923977e-05	patched_minus_baseline
nonexclusive_just_to_only	attn	utterance_final	prompt_without	necessity	gold	3	target_native	-0.0007104019677335	-0.0012726078769721	-0.0001481960584949	component	target_native	Target Native	localization/results/component_patch_runs/20260723_expanded_utterance_final_Meta-Llama-3-8B_not_just_only_full/only	only	0.0007104019677335	0.0001481960584949	0.0012726078769721	patched_minus_baseline
nonexclusive_just_to_only	attn	utterance_final	prompt_without	necessity	gold	5	target_native	-0.0045467097275243	-0.0048806334537929	-0.0042127860012557	component	target_native	Target Native	localization/results/component_patch_runs/20260723_expanded_utterance_final_Meta-Llama-3-8B_not_just_only_full/only	only	0.0045467097275243	0.0042127860012557	0.0048806334537929	patched_minus_baseline
nonexclusive_just_to_only	attn	utterance_final	prompt_without	necessity	gold	10	target_native	-0.006323400788687	-0.0074752238875097	-0.0051715776898643	component	target_native	Target Native	localization/results/component_patch_runs/20260723_expanded_utterance_final_Meta-Llama-3-8B_not_just_only_full/only	only	0.006323400788687	0.0051715776898643	0.0074752238875097	patched_minus_baseline
nonexclusive_just_to_only	mlp	utterance_final	prompt_without	necessity	generated	1	target_native	-0.0009525188584302	-0.001335882230366	-0.0005691554864944	component	target_native	Target Native	localization/results/component_patch_runs/20260723_expanded_utterance_final_Meta-Llama-3-8B_not_just_only_full/only	only	0.0009525188584302	0.0005691554864944	0.001335882230366	patched_minus_baseline
nonexclusive_just_to_only	mlp	utterance_final	prompt_without	necessity	generated	3	target_native	-0.0019731407233326	-0.0025908166602201	-0.0013554647864451	component	target_native	Target Native	localization/results/component_patch_runs/20260723_expanded_utterance_final_Meta-Llama-3-8B_not_just_only_full/only	only	0.0019731407233326	0.0013554647864451	0.0025908166602201	patched_minus_baseline
nonexclusive_just_to_only	mlp	utterance_final	prompt_without	necessity	generated	5	target_native	-0.0027780228525318	-0.0030924043170309	-0.0024636413880327	component	target_native	Target Native	localization/results/component_patch_runs/20260723_expanded_utterance_final_Meta-Llama-3-8B_not_just_only_full/only	only	0.0027780228525318	0.0024636413880327	0.0030924043170309	patched_minus_baseline
nonexclusive_just_to_only	mlp	utterance_final	prompt_without	necessity	generated	10	target_native	-0.0042623726830767	-0.0055319271326395	-0.002992818233514	component	target_native	Target Native	localization/results/component_patch_runs/20260723_expanded_utterance_final_Meta-Llama-3-8B_not_just_only_full/only	only	0.0042623726830767	0.002992818233514	0.0055319271326395	patched_minus_baseline
nonexclusive_just_to_only	mlp	utterance_final	prompt_without	necessity	gold	1	target_native	0.0006074777219904	-0.0005652849682695	0.0017802404122504	component	target_native	Target Native	localization/results/component_patch_runs/20260723_expanded_utterance_final_Meta-Llama-3-8B_not_just_only_full/only	only	-0.0006074777219904	-0.0017802404122504	0.0005652849682695	patched_minus_baseline
nonexclusive_just_to_only	mlp	utterance_final	prompt_without	necessity	gold	3	target_native	0.0037577696104249	0.0018428303409859	0.0056727088798639	component	target_native	Target Native	localization/results/component_patch_runs/20260723_expanded_utterance_final_Meta-Llama-3-8B_not_just_only_full/only	only	-0.0037577696104249	-0.0056727088798639	-0.0018428303409859	patched_minus_baseline
nonexclusive_just_to_only	mlp	utterance_final	prompt_without	necessity	gold	5	target_native	0.002243848469931	-7.208645019001356e-05	0.004559783390052	component	target_native	Target Native	localization/results/component_patch_runs/20260723_expanded_utterance_final_Meta-Llama-3-8B_not_just_only_full/only	only	-0.002243848469931	-0.004559783390052	7.208645019001356e-05	patched_minus_baseline
nonexclusive_just_to_only	mlp	utterance_final	prompt_without	necessity	gold	10	target_native	-0.0002823385454142	-0.0019146238057247	0.0013499467148963	component	target_native	Target Native	localization/results/component_patch_runs/20260723_expanded_utterance_final_Meta-Llama-3-8B_not_just_only_full/only	only	0.0002823385454142	-0.0013499467148963	0.0019146238057247	patched_minus_baseline
nonexclusive_just_to_only	resid	utterance_final	prompt_without	necessity	generated	1	target_native	-0.0103461899685638	-0.0107138329319724	-0.0099785470051551	component	target_native	Target Native	localization/results/component_patch_runs/20260723_expanded_utterance_final_Meta-Llama-3-8B_not_just_only_full/only	only	0.0103461899685638	0.0099785470051551	0.0107138329319724	patched_minus_baseline
nonexclusive_just_to_only	resid	utterance_final	prompt_without	necessity	generated	3	target_native	-0.0182985304940558	-0.0195574281075053	-0.0170396328806064	component	target_native	Target Native	localization/results/component_patch_runs/20260723_expanded_utterance_final_Meta-Llama-3-8B_not_just_only_full/only	only	0.0182985304940558	0.0170396328806064	0.0195574281075053	patched_minus_baseline
nonexclusive_just_to_only	resid	utterance_final	prompt_without	necessity	generated	5	target_native	-0.0210702487128706	-0.0219786612496937	-0.0201618361760474	component	target_native	Target Native	localization/results/component_patch_runs/20260723_expanded_utterance_final_Meta-Llama-3-8B_not_just_only_full/only	only	0.0210702487128706	0.0201618361760474	0.0219786612496937	patched_minus_baseline
nonexclusive_just_to_only	resid	utterance_final	prompt_without	necessity	generated	10	target_native	-0.0246220383990394	-0.0256189999974667	-0.023625076800612	component	target_native	Target Native	localization/results/component_patch_runs/20260723_expanded_utterance_final_Meta-Llama-3-8B_not_just_only_full/only	only	0.0246220383990394	0.023625076800612	0.0256189999974667	patched_minus_baseline
nonexclusive_just_to_only	resid	utterance_final	prompt_without	necessity	gold	1	target_native	-0.0033758858518951	-0.0048268319258329	-0.0019249397779574	component	target_native	Target Native	localization/results/component_patch_runs/20260723_expanded_utterance_final_Meta-Llama-3-8B_not_just_only_full/only	only	0.0033758858518951	0.0019249397779574	0.0048268319258329	patched_minus_baseline
nonexclusive_just_to_only	resid	utterance_final	prompt_without	necessity	gold	3	target_native	-0.006260880222306	-0.0073488835927412	-0.0051728768518708	component	target_native	Target Native	localization/results/component_patch_runs/20260723_expanded_utterance_final_Meta-Llama-3-8B_not_just_only_full/only	only	0.006260880222306	0.0051728768518708	0.0073488835927412	patched_minus_baseline
nonexclusive_just_to_only	resid	utterance_final	prompt_without	necessity	gold	5	target_native	-0.0081388572810234	-0.0089314432405156	-0.0073462713215312	component	target_native	Target Native	localization/results/component_patch_runs/20260723_expanded_utterance_final_Meta-Llama-3-8B_not_just_only_full/only	only	0.0081388572810234	0.0073462713215312	0.0089314432405156	patched_minus_baseline
nonexclusive_just_to_only	resid	utterance_final	prompt_without	necessity	gold	10	target_native	-0.0092518155397112	-0.0093184376993199	-0.0091851933801025	component	target_native	Target Native	localization/results/component_patch_runs/20260723_expanded_utterance_final_Meta-Llama-3-8B_not_just_only_full/only	only	0.0092518155397112	0.0091851933801025	0.0093184376993199	patched_minus_baseline
only_to_nonexclusive_just	attn	utterance_final	prompt_without	necessity	generated	1	target_native	-0.0020331234204459	-0.0029325672274471	-0.0011336796134446	component	target_native	Target Native	localization/results/component_patch_runs/20260729_expanded_utterance_final_Meta-Llama-3-8B_nonexclusive_just_top500/just	just	0.0020331234204459	0.0011336796134446	0.0029325672274471	patched_minus_baseline
only_to_nonexclusive_just	attn	utterance_final	prompt_without	necessity	generated	3	target_native	-0.0050955717989963	-0.0074197700216174	-0.0027713735763752	component	target_native	Target Native	localization/results/component_patch_runs/20260729_expanded_utterance_final_Meta-Llama-3-8B_nonexclusive_just_top500/just	just	0.0050955717989963	0.0027713735763752	0.0074197700216174	patched_minus_baseline
only_to_nonexclusive_just	attn	utterance_final	prompt_without	necessity	generated	5	target_native	-0.0064345116308934	-0.0076897528446243	-0.0051792704171626	component	target_native	Target Native	localization/results/component_patch_runs/20260729_expanded_utterance_final_Meta-Llama-3-8B_nonexclusive_just_top500/just	just	0.0064345116308934	0.0051792704171626	0.0076897528446243	patched_minus_baseline
only_to_nonexclusive_just	attn	utterance_final	prompt_without	necessity	generated	10	target_native	-0.0108447682318321	-0.0130112218908837	-0.0086783145727805	component	target_native	Target Native	localization/results/component_patch_runs/20260729_expanded_utterance_final_Meta-Llama-3-8B_nonexclusive_just_top500/just	just	0.0108447682318321	0.0086783145727805	0.0130112218908837	patched_minus_baseline
only_to_nonexclusive_just	attn	utterance_final	prompt_without	necessity	gold	1	target_native	-0.0002021944292604	-0.0006766040040117	0.0002722151454909	component	target_native	Target Native	localization/results/component_patch_runs/20260729_expanded_utterance_final_Meta-Llama-3-8B_nonexclusive_just_top500/just	just	0.0002021944292604	-0.0002722151454909	0.0006766040040117	patched_minus_baseline
only_to_nonexclusive_just	attn	utterance_final	prompt_without	necessity	gold	3	target_native	0.0012518714666584	0.0005790065535158	0.0019247363798011	component	target_native	Target Native	localization/results/component_patch_runs/20260729_expanded_utterance_final_Meta-Llama-3-8B_nonexclusive_just_top500/just	just	-0.0012518714666584	-0.0019247363798011	-0.0005790065535158	patched_minus_baseline
only_to_nonexclusive_just	attn	utterance_final	prompt_without	necessity	gold	5	target_native	0.0016288431798706	0.0013299086177759	0.0019277777419654	component	target_native	Target Native	localization/results/component_patch_runs/20260729_expanded_utterance_final_Meta-Llama-3-8B_nonexclusive_just_top500/just	just	-0.0016288431798706	-0.0019277777419654	-0.0013299086177759	patched_minus_baseline
only_to_nonexclusive_just	attn	utterance_final	prompt_without	necessity	gold	10	target_native	-0.0008576824232311	-0.003360008950165	0.0016446441037027	component	target_native	Target Native	localization/results/component_patch_runs/20260729_expanded_utterance_final_Meta-Llama-3-8B_nonexclusive_just_top500/just	just	0.0008576824232311	-0.0016446441037027	0.003360008950165	patched_minus_baseline
only_to_nonexclusive_just	mlp	utterance_final	prompt_without	necessity	generated	1	target_native	-0.0010359405811662	-0.0011003532995029	-0.0009715278628295	component	target_native	Target Native	localization/results/component_patch_runs/20260729_expanded_utterance_final_Meta-Llama-3-8B_nonexclusive_just_top500/just	just	0.0010359405811662	0.0009715278628295	0.0011003532995029	patched_minus_baseline
only_to_nonexclusive_just	mlp	utterance_final	prompt_without	necessity	generated	3	target_native	-0.0036248685980837	-0.0045494810275516	-0.0027002561686157	component	target_native	Target Native	localization/results/component_patch_runs/20260729_expanded_utterance_final_Meta-Llama-3-8B_nonexclusive_just_top500/just	just	0.0036248685980837	0.0027002561686157	0.0045494810275516	patched_minus_baseline
only_to_nonexclusive_just	mlp	utterance_final	prompt_without	necessity	generated	5	target_native	-0.0039663277809113	-0.0048760492392396	-0.003056606322583	component	target_native	Target Native	localization/results/component_patch_runs/20260729_expanded_utterance_final_Meta-Llama-3-8B_nonexclusive_just_top500/just	just	0.0039663277809113	0.003056606322583	0.0048760492392396	patched_minus_baseline
only_to_nonexclusive_just	mlp	utterance_final	prompt_without	necessity	generated	10	target_native	-0.0047532485074378	-0.006584273985529	-0.0029222230293466	component	target_native	Target Native	localization/results/component_patch_runs/20260729_expanded_utterance_final_Meta-Llama-3-8B_nonexclusive_just_top500/just	just	0.0047532485074378	0.0029222230293466	0.006584273985529	patched_minus_baseline
only_to_nonexclusive_just	mlp	utterance_final	prompt_without	necessity	gold	1	target_native	0.0010938035219968	0.0005050312761398	0.0016825757678538	component	target_native	Target Native	localization/results/component_patch_runs/20260729_expanded_utterance_final_Meta-Llama-3-8B_nonexclusive_just_top500/just	just	-0.0010938035219968	-0.0016825757678538	-0.0005050312761398	patched_minus_baseline
only_to_nonexclusive_just	mlp	utterance_final	prompt_without	necessity	gold	3	target_native	0.0007606840672337	0.0004651215578135	0.0010562465766539	component	target_native	Target Native	localization/results/component_patch_runs/20260729_expanded_utterance_final_Meta-Llama-3-8B_nonexclusive_just_top500/just	just	-0.0007606840672337	-0.0010562465766539	-0.0004651215578135	patched_minus_baseline
only_to_nonexclusive_just	mlp	utterance_final	prompt_without	necessity	gold	5	target_native	5.567214408423249e-06	-0.0003259692731611	0.0003371037019779	component	target_native	Target Native	localization/results/component_patch_runs/20260729_expanded_utterance_final_Meta-Llama-3-8B_nonexclusive_just_top500/just	just	-5.567214408423249e-06	-0.0003371037019779	0.0003259692731611	patched_minus_baseline
only_to_nonexclusive_just	mlp	utterance_final	prompt_without	necessity	gold	10	target_native	-0.0011411607095081	-0.0016581333012423	-0.0006241881177738	component	target_native	Target Native	localization/results/component_patch_runs/20260729_expanded_utterance_final_Meta-Llama-3-8B_nonexclusive_just_top500/just	just	0.0011411607095081	0.0006241881177738	0.0016581333012423	patched_minus_baseline
only_to_nonexclusive_just	resid	utterance_final	prompt_without	necessity	generated	1	target_native	-0.0062527359873906	-0.0087902386403822	-0.0037152333343989	component	target_native	Target Native	localization/results/component_patch_runs/20260729_expanded_utterance_final_Meta-Llama-3-8B_nonexclusive_just_top500/just	just	0.0062527359873906	0.0037152333343989	0.0087902386403822	patched_minus_baseline
only_to_nonexclusive_just	resid	utterance_final	prompt_without	necessity	generated	3	target_native	-0.0088682512367055	-0.0111499963720132	-0.0065865061013979	component	target_native	Target Native	localization/results/component_patch_runs/20260729_expanded_utterance_final_Meta-Llama-3-8B_nonexclusive_just_top500/just	just	0.0088682512367055	0.0065865061013979	0.0111499963720132	patched_minus_baseline
only_to_nonexclusive_just	resid	utterance_final	prompt_without	necessity	generated	5	target_native	-0.0119972107367521	-0.0164679992217128	-0.0075264222517914	component	target_native	Target Native	localization/results/component_patch_runs/20260729_expanded_utterance_final_Meta-Llama-3-8B_nonexclusive_just_top500/just	just	0.0119972107367521	0.0075264222517914	0.0164679992217128	patched_minus_baseline
only_to_nonexclusive_just	resid	utterance_final	prompt_without	necessity	generated	10	target_native	-0.0169869407281477	-0.0239184940874764	-0.0100553873688191	component	target_native	Target Native	localization/results/component_patch_runs/20260729_expanded_utterance_final_Meta-Llama-3-8B_nonexclusive_just_top500/just	just	0.0169869407281477	0.0100553873688191	0.0239184940874764	patched_minus_baseline
only_to_nonexclusive_just	resid	utterance_final	prompt_without	necessity	gold	1	target_native	-0.0030546803053479	-0.0033906493022217	-0.0027187113084742	component	target_native	Target Native	localization/results/component_patch_runs/20260729_expanded_utterance_final_Meta-Llama-3-8B_nonexclusive_just_top500/just	just	0.0030546803053479	0.0027187113084742	0.0033906493022217	patched_minus_baseline
only_to_nonexclusive_just	resid	utterance_final	prompt_without	necessity	gold	3	target_native	-0.0037175273974454	-0.0048331189752586	-0.0026019358196321	component	target_native	Target Native	localization/results/component_patch_runs/20260729_expanded_utterance_final_Meta-Llama-3-8B_nonexclusive_just_top500/just	just	0.0037175273974454	0.0026019358196321	0.0048331189752586	patched_minus_baseline
only_to_nonexclusive_just	resid	utterance_final	prompt_without	necessity	gold	5	target_native	-0.0010706935680539	-0.0034195174439108	0.0012781303078028	component	target_native	Target Native	localization/results/component_patch_runs/20260729_expanded_utterance_final_Meta-Llama-3-8B_nonexclusive_just_top500/just	just	0.0010706935680539	-0.0012781303078028	0.0034195174439108	patched_minus_baseline
only_to_nonexclusive_just	resid	utterance_final	prompt_without	necessity	gold	10	target_native	-0.0013214244060761	-0.0055597384839518	0.0029168896717995	component	target_native	Target Native	localization/results/component_patch_runs/20260729_expanded_utterance_final_Meta-Llama-3-8B_nonexclusive_just_top500/just	just	0.0013214244060761	-0.0029168896717995	0.0055597384839518	patched_minus_baseline
