source_dataset	dataset_role	source_row_index	id	word	subset	p_candidate_count	p_prime_candidate_count	exact_overlap_count	exact_overlap_jaccard	p_win_rate	p_win_rate_per_token	p_weighted_win_rate	p_weighted_win_rate_per_token	p_mean_advantage	p_mean_advantage_per_token	p_weighted_advantage	p_weighted_advantage_per_token	p_top1_win	p_top1_win_per_token	p_top1_advantage	p_top1_advantage_per_token	p_prime_win_rate	p_prime_win_rate_per_token	p_prime_weighted_win_rate	p_prime_weighted_win_rate_per_token	p_prime_mean_advantage	p_prime_mean_advantage_per_token	p_prime_weighted_advantage	p_prime_weighted_advantage_per_token	p_prime_top1_win	p_prime_top1_win_per_token	p_prime_top1_advantage	p_prime_top1_advantage_per_token	both_mean_advantages_positive	both_top1_own_context_wins
expanded_data	discourse_particle	0	just_e_1157	just	o	50	50	10	0.1111111111111111	0.0	0.0	0.0	0.0	-0.2734403749934371	-0.2734403749934371	-0.17158304647686598	-0.17158304647686598	0.0	0.0	-0.1166357755661011	-0.1166357755661011	1.0	1.0	1.0	1.0	0.3634772455014059	0.3634772455014059	0.25176311030197557	0.25176311030197557	1.0	1.0	0.8072290420532227	0.8072290420532227	False	False
expanded_data	discourse_particle	1	just_j_5467	just	h	50	50	4	0.041666666666666664	0.44	0.44	0.5316354751308763	0.5316354751308763	-0.011046870548257915	-0.011046870548257915	0.007843331540297068	0.007843331540297068	1.0	1.0	0.0715251990727017	0.0715251990727017	0.78	0.78	0.7225354543182205	0.7225354543182205	0.07116046529223366	0.07116046529223366	0.043879432297800884	0.043879432297800884	1.0	1.0	0.0927105082405939	0.0927105082405939	False	True
expanded_data	discourse_particle	2	just_j_2485	just	h	50	50	3	0.030927835051546393	0.0	0.0	0.0	0.0	-0.09104241442845457	-0.09104241442845457	-0.0765906854392986	-0.0765906854392986	0.0	0.0	-0.0990483462810516	-0.0990483462810516	1.0	1.0	1.0	1.0	0.09710155254532384	0.09710155254532384	0.07568266057148813	0.07568266057148813	1.0	1.0	0.0885131731629371	0.0885131731629371	False	False
expanded_data	discourse_particle	3	just_e_2798	just	o	50	50	5	0.05263157894736842	0.92	0.92	0.9908003400241797	0.9908003400241797	0.19390069448001143	0.19390069448001143	0.2223626179845443	0.2223626179845443	0.0	0.0	-0.2265779376029968	-0.2265779376029968	0.82	0.82	0.9356309468715722	0.9356309468715722	0.198115567576014	0.198115567576014	0.2550337235382023	0.2550337235382023	1.0	1.0	0.3146295481257963	0.3146295481257963	True	False
expanded_data	discourse_particle	4	just_j_1627	just	h	50	50	6	0.06382978723404255	0.52	0.52	0.42050253585445596	0.42050253585445596	0.0011376791528240168	0.0011376791528240168	-0.006421279726149189	-0.006421279726149189	1.0	1.0	0.0491883897781373	0.0491883897781373	0.56	0.56	0.7454908298729506	0.7454908298729506	0.009725361329492081	0.009725361329492081	0.022684368096423182	0.022684368096423182	0.0	0.0	-0.0621940135955809	-0.0621940135955809	True	False
expanded_data	discourse_particle	5	just_e_4508	just	o	50	50	0	0.0	0.08	0.08	0.06551891303997387	0.06551891303997387	-0.09147708993580046	-0.09147708993580046	-0.08351922392535356	-0.08351922392535356	0.0	0.0	-0.0709357261657714	-0.0709357261657714	1.0	1.0	1.0	1.0	0.2201296634056062	0.2201296634056062	0.1915587053247325	0.1915587053247325	1.0	1.0	0.336792991274879	0.336792991274879	False	False
expanded_data	discourse_particle	6	just_j_638	just	h	50	50	13	0.14942528735632185	0.0	0.0	0.0	0.0	-0.0746155117459306	-0.0746155117459306	-0.057153956512571435	-0.057153956512571435	0.0	0.0	-0.3439956665039059	-0.3439956665039059	1.0	1.0	1.0	1.0	0.08407081781798315	0.08407081781798315	0.06482209711214863	0.06482209711214863	1.0	1.0	0.0718488693237304	0.0718488693237304	False	False
expanded_data	discourse_particle	7	just_e_5138	just	o	50	50	2	0.02040816326530612	0.9	0.9	0.9219072055275903	0.9219072055275903	0.04981397401478083	0.04981397401478083	0.04126582758103934	0.04126582758103934	1.0	1.0	0.0131874943888463	0.0131874943888463	0.56	0.56	0.5910741890116937	0.5910741890116937	0.005377530732901022	0.005377530732901022	0.01149341156185086	0.01149341156185086	0.0	0.0	-0.0252103077040777	-0.0252103077040777	True	False
expanded_data	discourse_particle	8	just_j_498	just	h	50	50	7	0.07526881720430108	0.86	0.86	0.8783620609242596	0.8783620609242596	0.04654620367208121	0.04654620367208121	0.044719975354520464	0.044719975354520464	1.0	1.0	0.0860584850968986	0.0860584850968986	0.46	0.46	0.4515134640251598	0.4515134640251598	-0.010441383823726976	-0.010441383823726976	-0.008226835479777279	-0.008226835479777279	0.0	0.0	-0.0005259967985606	-0.0005259967985606	False	False
expanded_data	discourse_particle	9	just_j_7769	just	h	50	50	26	0.35135135135135137	0.02	0.02	0.08566854981563861	0.08566854981563861	-0.08265553301373306	-0.08265553301373306	-0.059562456359744	-0.059562456359744	0.0	0.0	-0.1295789241790768	-0.1295789241790768	1.0	1.0	1.0	1.0	0.08944278224492035	0.08944278224492035	0.07078190000479614	0.07078190000479614	1.0	1.0	0.1290599923384823	0.1290599923384823	False	False
expanded_data	discourse_particle	10	just_j_12718	just	h	50	50	5	0.05263157894736842	1.0	1.0	1.0	1.0	0.06965356013799573	0.06965356013799573	0.07069575074109308	0.07069575074109308	1.0	1.0	0.0447419941425319	0.0447419941425319	0.18	0.18	0.118927546255985	0.118927546255985	-0.029367133744807986	-0.029367133744807986	-0.03415118394809612	-0.03415118394809612	0.0	0.0	-0.0098960355476096	-0.0098960355476096	False	False
expanded_data	discourse_particle	11	just_j_8242	just	h	50	50	22	0.28205128205128205	0.56	0.56	0.7657460316338798	0.7657460316338798	0.0016574043989989878	0.0016574043989989878	0.011747325817379353	0.011747325817379353	0.0	0.0	-0.0467987060546875	-0.0467987060546875	0.48	0.48	0.38372844428899455	0.38372844428899455	-0.0007273192594377174	-0.0007273192594377174	-0.007821256346166044	-0.007821256346166044	1.0	1.0	0.0170972198247909	0.0170972198247909	False	False
expanded_data	discourse_particle	12	just_j_8890	just	h	50	50	2	0.02040816326530612	0.84	0.84	0.8392100771768914	0.8392100771768914	0.02126734537602929	0.02126734537602929	0.01708309169367146	0.01708309169367146	1.0	1.0	0.0309130928733125	0.0309130928733125	0.4	0.4	0.5156492030101174	0.5156492030101174	-0.00924545725999367	-0.00924545725999367	0.000864484557690221	0.000864484557690221	1.0	1.0	0.0044190543038507	0.0044190543038507	False	True
expanded_data	discourse_particle	13	just_j_10613	just	h	50	50	19	0.2345679012345679	0.98	0.98	0.9884287818188986	0.9884287818188986	0.07841278885543304	0.07841278885543304	0.04440148033790241	0.04440148033790241	1.0	1.0	0.0358135163784028	0.0358135163784028	0.06	0.06	0.09401769446542502	0.09401769446542502	-0.05582284189073589	-0.05582284189073589	-0.029666584869976968	-0.029666584869976968	0.0	0.0	-0.067101240158081	-0.067101240158081	False	False
expanded_data	discourse_particle	14	just_e_6323	just	o	50	50	1	0.010101010101010102	0.98	0.98	0.9565359950257525	0.9565359950257525	0.03735223361049488	0.03735223361049488	0.024214506631325027	0.024214506631325027	1.0	1.0	0.0089351394597221	0.0089351394597221	0.2	0.2	0.2862756709024529	0.2862756709024529	-0.024842330377475966	-0.024842330377475966	-0.005905675037034932	-0.005905675037034932	0.0	0.0	-0.0370844144087572	-0.0370844144087572	False	False
expanded_data	discourse_particle	15	just_j_4012	just	h	50	50	0	0.0	0.12	0.12	0.12596436317181212	0.12596436317181212	-0.04184019560673535	-0.04184019560673535	-0.02974478231054693	-0.02974478231054693	0.0	0.0	-0.052183892045702	-0.052183892045702	0.96	0.96	0.9719458991694732	0.9719458991694732	0.061421547325386704	0.061421547325386704	0.04695306331238769	0.04695306331238769	1.0	1.0	0.059631085395813	0.059631085395813	False	False
expanded_data	discourse_particle	16	just_e_9268	just	o	50	50	10	0.1111111111111111	0.0	0.0	0.0	0.0	-0.13021317014355835	-0.13021317014355835	-0.07095545743958163	-0.07095545743958163	0.0	0.0	-0.1328226857715182	-0.1328226857715182	1.0	1.0	1.0	1.0	0.13750725037621994	0.13750725037621994	0.08265431631813289	0.08265431631813289	1.0	1.0	0.0901561114523143	0.0901561114523143	False	False
expanded_data	discourse_particle	17	just_j_788	just	h	50	50	9	0.0989010989010989	0.56	0.56	0.5657600697576098	0.5657600697576098	5.005698665747682e-05	5.005698665747682e-05	-0.0005331502783992251	-0.0005331502783992251	0.0	0.0	-0.0164662870493801	-0.0164662870493801	0.56	0.56	0.5557699947855772	0.5557699947855772	0.00462613823675248	0.00462613823675248	0.004167963926760082	0.004167963926760082	1.0	1.0	0.0109593712765239	0.0109593712765239	True	False
expanded_data	discourse_particle	18	just_e_5758	just	o	50	50	6	0.06382978723404255	0.0	0.0	0.0	0.0	-0.1531263256864543	-0.1531263256864543	-0.08207759405920514	-0.08207759405920514	0.0	0.0	-0.0416882594426475	-0.0416882594426475	1.0	1.0	1.0	1.0	0.164003008692403	0.164003008692403	0.10808134606698928	0.10808134606698928	1.0	1.0	0.4554035186767589	0.4554035186767589	False	False
expanded_data	discourse_particle	19	just_j_7873	just	h	50	50	0	0.0	0.88	0.88	0.8579079699557568	0.8579079699557568	0.03466785802426435	0.03466785802426435	0.03376142222836245	0.03376142222836245	1.0	1.0	0.0488357240078496	0.0488357240078496	0.6	0.6	0.6152510753447473	0.6152510753447473	0.011582502393798304	0.011582502393798304	0.010870025809434348	0.010870025809434348	0.0	0.0	-0.0692948826721737	-0.0692948826721737	True	False
expanded_data	discourse_particle	20	just_j_2141	just	h	50	50	6	0.06382978723404255	0.76	0.76	0.777526040256379	0.777526040256379	0.018385910879225153	0.018385910879225153	0.017707636662198063	0.017707636662198063	1.0	1.0	0.0242635120045053	0.0242635120045053	0.56	0.56	0.5308767125920895	0.5308767125920895	0.004323219666009708	0.004323219666009708	0.0032658702023060085	0.0032658702023060085	0.0	0.0	-0.0070835699637732	-0.0070835699637732	True	False
expanded_data	discourse_particle	21	just_j_5388	just	h	50	50	9	0.0989010989010989	1.0	1.0	1.0	1.0	0.09838328970218777	0.09838328970218777	0.07823151692143313	0.07823151692143313	1.0	1.0	0.0935599889074052	0.0935599889074052	0.0	0.0	0.0	0.0	-0.0842327080226784	-0.0842327080226784	-0.05158587955813133	-0.05158587955813133	0.0	0.0	-0.0791493100779399	-0.0791493100779399	False	False
expanded_data	discourse_particle	22	just_e_1001	just	o	50	50	1	0.010101010101010102	0.84	0.84	0.9530264260247628	0.9530264260247628	0.037614314228808114	0.037614314228808114	0.04673445061969246	0.04673445061969246	1.0	1.0	0.0343525750296453	0.0343525750296453	0.34	0.34	0.2658219191971096	0.2658219191971096	-0.006795848813794232	-0.006795848813794232	-0.01002864921952543	-0.01002864921952543	0.0	0.0	-0.0077558560804886	-0.0077558560804886	False	False
expanded_data	discourse_particle	23	just_e_9687	just	o	50	50	12	0.13636363636363635	0.56	0.56	0.5134786396996319	0.5134786396996319	0.003397459636356256	0.003397459636356256	0.0007123137365083276	0.0007123137365083276	1.0	1.0	0.0003913884813133	0.0003913884813133	0.7	0.7	0.6966400460335657	0.6966400460335657	0.012740936077851001	0.012740936077851001	0.011792943134878945	0.011792943134878945	1.0	1.0	0.002693648521717	0.002693648521717	True	True
expanded_data	discourse_particle	24	just_j_6768	just	h	50	50	1	0.010101010101010102	0.1	0.1	0.14391138450411625	0.14391138450411625	-0.04448484044621881	-0.04448484044621881	-0.03170304883290311	-0.03170304883290311	0.0	0.0	-0.0217197286455252	-0.0217197286455252	0.98	0.98	0.9790555247714241	0.9790555247714241	0.08878250720794238	0.08878250720794238	0.06622604615412021	0.06622604615412021	1.0	1.0	0.0928136290244336	0.0928136290244336	False	False
expanded_data	discourse_particle	25	just_j_12662	just	h	50	50	15	0.17647058823529413	0.1	0.1	0.21647972110111843	0.21647972110111843	-0.09275852554245129	-0.09275852554245129	-0.053238700766717856	-0.053238700766717856	0.0	0.0	-0.0112163607890787	-0.0112163607890787	1.0	1.0	1.0	1.0	0.16929548360012692	0.16929548360012692	0.13727436439104548	0.13727436439104548	1.0	1.0	0.2133765334174739	0.2133765334174739	False	False
expanded_data	discourse_particle	26	just_j_1461	just	h	50	50	0	0.0	0.48	0.48	0.35861160083039084	0.35861160083039084	0.01600989574596252	0.01600989574596252	0.0018884686151631287	0.0018884686151631287	1.0	1.0	0.1067529728538114	0.1067529728538114	0.96	0.96	0.9702737511046908	0.9702737511046908	0.05780825530613207	0.05780825530613207	0.055533694966486934	0.055533694966486934	1.0	1.0	0.1255556448646215	0.1255556448646215	True	True
expanded_data	discourse_particle	27	just_j_10555	just	h	50	50	7	0.07526881720430108	0.3	0.3	0.4954443232087537	0.4954443232087537	-0.01024311673730576	-0.01024311673730576	-0.0010908803438482392	-0.0010908803438482392	0.0	0.0	-0.0543712160804066	-0.0543712160804066	0.8	0.8	0.6701170308859999	0.6701170308859999	0.012110985332870668	0.012110985332870668	0.005815544315499969	0.005815544315499969	0.0	0.0	-0.0030448394162316	-0.0030448394162316	False	False
expanded_data	discourse_particle	28	just_j_2164	just	h	50	50	0	0.0	0.08	0.08	0.06757554126537847	0.06757554126537847	-0.022814360953504226	-0.022814360953504226	-0.014925460077378154	-0.014925460077378154	0.0	0.0	-0.0127586799283181	-0.0127586799283181	0.98	0.98	0.9750965887461887	0.9750965887461887	0.028743091780781115	0.028743091780781115	0.02467206277076634	0.02467206277076634	1.0	1.0	0.0352558656172319	0.0352558656172319	False	False
expanded_data	discourse_particle	29	just_j_8011	just	h	50	50	2	0.02040816326530612	1.0	1.0	1.0	1.0	0.06601503696659199	0.06601503696659199	0.05429528722454323	0.05429528722454323	1.0	1.0	0.0428910475028188	0.0428910475028188	0.0	0.0	0.0	0.0	-0.06180323917854242	-0.06180323917854242	-0.045315282933443675	-0.045315282933443675	0.0	0.0	-0.1990169949001732	-0.1990169949001732	False	False
expanded_data	discourse_particle	30	just_e_3966	just	o	50	50	2	0.02040816326530612	0.98	0.98	0.9737726807580528	0.9737726807580528	0.07317497485246145	0.07317497485246145	0.04425161672964052	0.04425161672964052	1.0	1.0	0.0549117143337545	0.0549117143337545	0.28	0.28	0.45804144424435017	0.45804144424435017	-0.03790447912999821	-0.03790447912999821	0.0001628622152501468	0.0001628622152501468	0.0	0.0	-0.2964216868082676	-0.2964216868082676	False	False
expanded_data	discourse_particle	31	just_j_2438	just	h	50	50	3	0.030927835051546393	0.48	0.48	0.31672670835978245	0.31672670835978245	-0.008177743072118715	-0.008177743072118715	-0.009037100113346424	-0.009037100113346424	0.0	0.0	-0.036300205049061	-0.036300205049061	0.82	0.82	0.9514381865997452	0.9514381865997452	0.03917864978677033	0.03917864978677033	0.037166880016702056	0.037166880016702056	1.0	1.0	0.0186127492359706	0.0186127492359706	False	False
expanded_data	discourse_particle	32	just_e_1907	just	o	50	50	0	0.0	0.96	0.96	0.9628666439556642	0.9628666439556642	0.06555516144723358	0.06555516144723358	0.061698715570973554	0.061698715570973554	1.0	1.0	0.0233881433804827	0.0233881433804827	0.52	0.52	0.5760911502406767	0.5760911502406767	0.0002774600255899544	0.0002774600255899544	0.010075766251196492	0.010075766251196492	1.0	1.0	0.0099629720052085	0.0099629720052085	True	True
expanded_data	discourse_particle	33	just_e_2717	just	o	50	50	2	0.02040816326530612	0.96	0.96	0.8729157425856858	0.8729157425856858	0.1253114109872319	0.1253114109872319	0.07691689742854697	0.07691689742854697	1.0	1.0	0.2211918579904654	0.2211918579904654	0.1	0.1	0.17028818235017149	0.17028818235017149	-0.05968658547692025	-0.05968658547692025	-0.039324320517177665	-0.039324320517177665	1.0	1.0	0.0070858761884164	0.0070858761884164	False	True
expanded_data	discourse_particle	34	just_j_4722	just	h	50	50	23	0.2987012987012987	0.02	0.02	0.0034127520416556392	0.0034127520416556392	-0.04218696801110805	-0.04218696801110805	-0.03963460393901834	-0.03963460393901834	0.0	0.0	-0.0661479987596209	-0.0661479987596209	0.98	0.98	0.9968084863945316	0.9968084863945316	0.04793344119762165	0.04793344119762165	0.0472408591524445	0.0472408591524445	1.0	1.0	0.075683323960555	0.075683323960555	False	False
expanded_data	discourse_particle	35	just_j_8362	just	h	50	50	0	0.0	0.7	0.7	0.8460139755217062	0.8460139755217062	0.06302287195681004	0.06302287195681004	0.10523518584039515	0.10523518584039515	0.0	0.0	-0.2381097674369812	-0.2381097674369812	1.0	1.0	1.0	1.0	0.5388977656722548	0.5388977656722548	0.3697852045658587	0.3697852045658587	1.0	1.0	0.7801193689045158	0.7801193689045158	True	False
expanded_data	discourse_particle	36	just_j_8556	just	h	50	50	9	0.0989010989010989	1.0	1.0	1.0	1.0	0.10823585814474908	0.10823585814474908	0.10208138046966583	0.10208138046966583	1.0	1.0	0.144463050749994	0.144463050749994	0.22	0.22	0.2984840093603498	0.2984840093603498	-0.01891324400544681	-0.01891324400544681	0.004189684821430932	0.004189684821430932	0.0	0.0	-0.1112380402428763	-0.1112380402428763	False	False
expanded_data	discourse_particle	37	just_e_569	just	o	50	50	5	0.05263157894736842	0.24	0.24	0.359962856980723	0.359962856980723	-0.17746615695105658	-0.17746615695105658	-0.06954946535633585	-0.06954946535633585	0.0	0.0	-0.0288503877818584	-0.0288503877818584	1.0	1.0	1.0	1.0	0.4255359713313107	0.4255359713313107	0.3296974790546004	0.3296974790546004	1.0	1.0	0.9644279479980468	0.9644279479980468	False	False
expanded_data	discourse_particle	38	just_e_1043	just	o	50	50	6	0.06382978723404255	1.0	1.0	1.0	1.0	0.3263404662659027	0.3263404662659027	0.3075676699248158	0.3075676699248158	1.0	1.0	0.3562413781881333	0.3562413781881333	0.36	0.36	0.45804815661803344	0.45804815661803344	-0.14076520047890914	-0.14076520047890914	-0.055123212657844374	-0.055123212657844374	1.0	1.0	0.1048822535408864	0.1048822535408864	False	True
expanded_data	discourse_particle	39	just_e_1246	just	o	50	50	1	0.010101010101010102	0.78	0.78	0.8479184761773102	0.8479184761773102	0.08603351377677056	0.08603351377677056	0.10814605408517292	0.10814605408517292	1.0	1.0	0.1916347936142324	0.1916347936142324	0.94	0.94	0.9301977714563442	0.9301977714563442	0.20022681214463403	0.20022681214463403	0.18872258093218178	0.18872258093218178	1.0	1.0	0.2530365228652955	0.2530365228652955	True	True
expanded_data	discourse_particle	40	just_j_7614	just	h	50	50	0	0.0	0.14	0.14	0.15888641484925128	0.15888641484925128	-0.06587209757153312	-0.06587209757153312	-0.04834605914567598	-0.04834605914567598	0.0	0.0	-0.0497595779597759	-0.0497595779597759	1.0	1.0	1.0	1.0	0.10241358824278829	0.10241358824278829	0.08963065592769649	0.08963065592769649	1.0	1.0	0.066089928150177	0.066089928150177	False	False
expanded_data	discourse_particle	41	just_e_2612	just	o	50	50	8	0.08695652173913043	0.96	0.96	0.9913927732847361	0.9913927732847361	0.10334115426948269	0.10334115426948269	0.09367865691851766	0.09367865691851766	1.0	1.0	0.1409463816218905	0.1409463816218905	0.3	0.3	0.371632529698659	0.371632529698659	-0.04314363443115624	-0.04314363443115624	-0.021513329746312808	-0.021513329746312808	0.0	0.0	-0.105890565448337	-0.105890565448337	False	False
expanded_data	discourse_particle	42	just_e_4966	just	o	50	50	2	0.02040816326530612	0.3	0.3	0.3253415137348508	0.3253415137348508	-0.049916273534773084	-0.049916273534773084	-0.025331582148541393	-0.025331582148541393	1.0	1.0	0.0342718188355608	0.0342718188355608	0.94	0.94	0.9535510370155328	0.9535510370155328	0.10396751807125548	0.10396751807125548	0.08955038578485024	0.08955038578485024	1.0	1.0	0.0534532737731936	0.0534532737731936	False	True
expanded_data	discourse_particle	43	just_e_2762	just	o	50	50	3	0.030927835051546393	0.94	0.94	0.9997308167734738	0.9997308167734738	0.29744575491541086	0.29744575491541086	0.315513659957179	0.315513659957179	0.0	0.0	-0.2429704666137695	-0.2429704666137695	0.8	0.8	0.8023048571693986	0.8023048571693986	0.13378524886479226	0.13378524886479226	0.1349582595614198	0.1349582595614198	1.0	1.0	0.4225301080279879	0.4225301080279879	True	False
expanded_data	discourse_particle	44	just_e_472	just	o	50	50	1	0.010101010101010102	0.28	0.28	0.38360194422113547	0.38360194422113547	-0.02573916603934213	-0.02573916603934213	-0.011111968389754463	-0.011111968389754463	0.0	0.0	-0.0090234847295851	-0.0090234847295851	0.94	0.94	0.9434053925699805	0.9434053925699805	0.03315311375281084	0.03315311375281084	0.024987776350985407	0.024987776350985407	1.0	1.0	0.0360968195158859	0.0360968195158859	False	False
expanded_data	discourse_particle	45	just_e_1267	just	o	50	50	11	0.12359550561797752	0.7	0.7	0.8559841082488132	0.8559841082488132	0.04378436096494296	0.04378436096494296	0.06507454893162576	0.06507454893162576	1.0	1.0	0.0294937651331832	0.0294937651331832	0.72	0.72	0.6706317965754293	0.6706317965754293	0.04035248316616988	0.04035248316616988	0.04046464045291698	0.04046464045291698	0.0	0.0	-0.09421369822129	-0.09421369822129	True	False
expanded_data	discourse_particle	46	just_e_9397	just	o	50	50	3	0.030927835051546393	1.0	1.0	1.0	1.0	0.4540871844145314	0.4540871844145314	0.2936119604130373	0.2936119604130373	1.0	1.0	0.6155361599392357	0.6155361599392357	0.26	0.26	0.3932773447372461	0.3932773447372461	-0.1968340889850629	-0.1968340889850629	-0.0990164835372573	-0.0990164835372573	1.0	1.0	0.2464855367487128	0.2464855367487128	False	True
expanded_data	discourse_particle	47	just_e_6664	just	o	50	50	2	0.02040816326530612	0.98	0.98	0.9620513816518317	0.9620513816518317	0.07527863841167792	0.07527863841167792	0.05686175263357229	0.05686175263357229	1.0	1.0	0.0266630384657116	0.0266630384657116	0.18	0.18	0.33329509897987963	0.33329509897987963	-0.05586031215037496	-0.05586031215037496	-0.027797231852194196	-0.027797231852194196	0.0	0.0	-0.0578859117296	-0.0578859117296	False	False
expanded_data	discourse_particle	48	just_e_976	just	o	50	50	4	0.041666666666666664	0.98	0.98	0.9998090048382201	0.9998090048382201	0.7454204127837144	0.7454204127837144	0.6031232801753776	0.6031232801753776	1.0	1.0	0.9966647533270026	0.9966647533270026	0.68	0.68	0.8317941037798617	0.8317941037798617	-0.025867401961967053	-0.025867401961967053	0.05343868121147338	0.05343868121147338	0.0	0.0	-0.528500652313233	-0.528500652313233	False	False
expanded_data	discourse_particle	49	just_e_9416	just	o	50	50	5	0.05263157894736842	0.04	0.04	0.07144207740403608	0.07144207740403608	-0.22150494980383736	-0.22150494980383736	-0.05848897504842689	-0.05848897504842689	0.0	0.0	-0.4213774387653055	-0.4213774387653055	1.0	1.0	1.0	1.0	0.2918735150266459	0.2918735150266459	0.08885761967585443	0.08885761967585443	1.0	1.0	0.2191454873365517	0.2191454873365517	False	False
expanded_data	discourse_particle	50	just_e_12686	just	o	50	50	6	0.06382978723404255	0.02	0.02	0.06276801578223612	0.06276801578223612	-0.12474252489960898	-0.12474252489960898	-0.07087430043777353	-0.07087430043777353	0.0	0.0	-0.0871381301146287	-0.0871381301146287	1.0	1.0	1.0	1.0	0.17493057641147483	0.17493057641147483	0.12716775675076342	0.12716775675076342	1.0	1.0	0.4343859354654942	0.4343859354654942	False	False
expanded_data	discourse_particle	51	just_j_2401	just	h	50	50	0	0.0	0.4	0.4	0.5784599703744926	0.5784599703744926	-0.009413693014288805	-0.009413693014288805	0.007824563813845586	0.007824563813845586	0.0	0.0	-0.0020428512055994	-0.0020428512055994	0.92	0.92	0.9072648329375613	0.9072648329375613	0.04194630950015111	0.04194630950015111	0.028936849240967275	0.028936849240967275	1.0	1.0	0.0037640508483436	0.0037640508483436	False	False
expanded_data	discourse_particle	52	just_e_11908	just	o	50	50	1	0.010101010101010102	0.62	0.62	0.9020429128472244	0.9020429128472244	-0.0009173735923100593	-0.0009173735923100593	0.0400333611836197	0.0400333611836197	1.0	1.0	0.0205809275309247	0.0205809275309247	0.88	0.88	0.8118801632854515	0.8118801632854515	0.07563567365914001	0.07563567365914001	0.035458163416532046	0.035458163416532046	1.0	1.0	0.0360430399576818	0.0360430399576818	False	True
expanded_data	discourse_particle	53	just_e_4632	just	o	50	50	7	0.07526881720430108	0.0	0.0	0.0	0.0	-0.05578359244267927	-0.05578359244267927	-0.03455466049535308	-0.03455466049535308	0.0	0.0	-0.0950540549614848	-0.0950540549614848	0.98	0.98	0.9478210889688601	0.9478210889688601	0.06230542570069866	0.06230542570069866	0.040728092431590444	0.040728092431590444	1.0	1.0	0.0029544383287429	0.0029544383287429	False	False
expanded_data	discourse_particle	54	just_j_2522	just	h	50	50	0	0.0	0.76	0.76	0.8242952465522191	0.8242952465522191	0.018958276944850395	0.018958276944850395	0.023478493362140897	0.023478493362140897	1.0	1.0	0.0388523662412487	0.0388523662412487	0.76	0.76	0.7496674858922818	0.7496674858922818	0.021050200885347495	0.021050200885347495	0.017118312813425025	0.017118312813425025	1.0	1.0	0.0360172011635522	0.0360172011635522	True	True
expanded_data	discourse_particle	55	just_e_5739	just	o	50	50	8	0.08695652173913043	0.06	0.06	0.12485551208605972	0.12485551208605972	-0.056285283628900784	-0.056285283628900784	-0.03053850963123098	-0.03053850963123098	0.0	0.0	-0.1376405093404988	-0.1376405093404988	1.0	1.0	1.0	1.0	0.06476639029086377	0.06476639029086377	0.048036573395588165	0.048036573395588165	1.0	1.0	0.0272279820944132	0.0272279820944132	False	False
expanded_data	discourse_particle	56	just_e_7244	just	o	50	50	0	0.0	0.04	0.04	0.06053506292027169	0.06053506292027169	-0.07584294104530528	-0.07584294104530528	-0.05201092485941592	-0.05201092485941592	0.0	0.0	-0.0631024919707199	-0.0631024919707199	1.0	1.0	1.0	1.0	0.14376082864822934	0.14376082864822934	0.11262130294977837	0.11262130294977837	1.0	1.0	0.0518133183743092	0.0518133183743092	False	False
expanded_data	discourse_particle	57	just_j_11362	just	h	50	50	22	0.28205128205128205	0.72	0.72	0.764332075583596	0.764332075583596	0.01478823039824833	0.01478823039824833	0.01984634639948272	0.01984634639948272	0.0	0.0	-0.0032652670686892	-0.0032652670686892	0.46	0.46	0.3556542655580024	0.3556542655580024	0.00030134021834289426	0.00030134021834289426	-0.009125502781669605	-0.009125502781669605	1.0	1.0	0.0270872211456301	0.0270872211456301	True	False
expanded_data	discourse_particle	58	just_j_8648	just	h	50	50	11	0.12359550561797752	0.84	0.84	0.8700697167866644	0.8700697167866644	0.038410751313641606	0.038410751313641606	0.046478939969626036	0.046478939969626036	1.0	1.0	0.0130824168523151	0.0130824168523151	0.38	0.38	0.40411113659515907	0.40411113659515907	-0.012561793300482682	-0.012561793300482682	-0.006606982150235047	-0.006606982150235047	0.0	0.0	-0.098157906532287	-0.098157906532287	False	False
expanded_data	discourse_particle	59	just_e_5473	just	o	50	50	6	0.06382978723404255	1.0	1.0	1.0	1.0	0.21834385304553414	0.21834385304553414	0.15985442617825898	0.15985442617825898	1.0	1.0	0.2988514900207519	0.2988514900207519	0.0	0.0	0.0	0.0	-0.21311898663418938	-0.21311898663418938	-0.17444556995320945	-0.17444556995320945	0.0	0.0	-0.2078017053149996	-0.2078017053149996	False	False
expanded_data	discourse_particle	60	only_315	only	h	50	50	4	0.041666666666666664	0.66	0.66	0.8666922362940026	0.8666922362940026	-0.07096384132871524	-0.07096384132871524	0.07559277963267796	0.07559277963267796	1.0	1.0	0.1254411164452045	0.1254411164452045	0.98	0.98	0.9730298055551704	0.9730298055551704	0.44872354891855515	0.44872354891855515	0.2875034304847424	0.2875034304847424	1.0	1.0	0.2374729613463084	0.2374729613463084	False	True
expanded_data	discourse_particle	61	only_491	only	h	50	50	9	0.0989010989010989	0.4	0.4	0.46389826391270383	0.46389826391270383	-0.007956320275247918	-0.007956320275247918	-0.0036534115091580686	-0.0036534115091580686	0.0	0.0	-0.0109193245569865	-0.0109193245569865	0.84	0.84	0.8087626367997023	0.8087626367997023	0.01920542717553855	0.01920542717553855	0.0130916663146309	0.0130916663146309	1.0	1.0	0.0089766874032863	0.0089766874032863	False	False
expanded_data	discourse_particle	62	only_501	only	h	50	50	2	0.02040816326530612	0.2	0.2	0.29919632936633916	0.29919632936633916	-0.020068132287581565	-0.020068132287581565	-0.014367493707854407	-0.014367493707854407	0.0	0.0	-0.0458663214336745	-0.0458663214336745	0.94	0.94	0.9068525091638086	0.9068525091638086	0.03431635504665514	0.03431635504665514	0.02201194704659571	0.02201194704659571	1.0	1.0	0.0656717094508083	0.0656717094508083	False	False
expanded_data	discourse_particle	63	only_649	only	h	50	50	7	0.07526881720430108	0.0	0.0	0.0	0.0	-0.28549687058621187	-0.28549687058621187	-0.2209811964128034	-0.2209811964128034	0.0	0.0	-0.2241824124310465	-0.2241824124310465	1.0	1.0	1.0	1.0	0.2779982602920833	0.2779982602920833	0.24285016695967873	0.24285016695967873	1.0	1.0	0.1645671614894159	0.1645671614894159	False	False
expanded_data	discourse_particle	64	only_660	only	h	50	50	4	0.041666666666666664	0.98	0.98	0.9681301842462573	0.9681301842462573	0.07768417549949365	0.07768417549949365	0.05757286916707846	0.05757286916707846	1.0	1.0	0.0903824738093783	0.0903824738093783	0.14	0.14	0.29317128925848346	0.29317128925848346	-0.04829862747482893	-0.04829862747482893	-0.021463263385963327	-0.021463263385963327	1.0	1.0	0.0020302572558001	0.0020302572558001	False	True
expanded_data	discourse_particle	65	only_687	only	h	50	50	20	0.25	1.0	1.0	1.0	1.0	0.0803667097059272	0.0803667097059272	0.07360421329589116	0.07360421329589116	1.0	1.0	0.0746731917063399	0.0746731917063399	0.0	0.0	0.0	0.0	-0.07386362164021903	-0.07386362164021903	-0.06582440023760192	-0.06582440023760192	0.0	0.0	-0.0654055338639478	-0.0654055338639478	False	False
expanded_data	discourse_particle	66	only_745	only	h	50	50	11	0.12359550561797752	0.88	0.88	0.8437579988297153	0.8437579988297153	0.03534219456231869	0.03534219456231869	0.025364187387114958	0.025364187387114958	1.0	1.0	0.0236962491815742	0.0236962491815742	0.18	0.18	0.15001145716194428	0.15001145716194428	-0.02438931766991495	-0.02438931766991495	-0.018263060777762005	-0.018263060777762005	0.0	0.0	-0.0058442313095619	-0.0058442313095619	False	False
expanded_data	discourse_particle	67	only_794	only	h	50	50	3	0.030927835051546393	0.54	0.54	0.49786013958307995	0.49786013958307995	0.02995429287794066	0.02995429287794066	0.019296301024837925	0.019296301024837925	0.0	0.0	-0.0013865169725919	-0.0013865169725919	0.72	0.72	0.8166365164852566	0.8166365164852566	0.03925976112235588	0.03925976112235588	0.04650664411176289	0.04650664411176289	1.0	1.0	0.0064541339874266	0.0064541339874266	True	False
expanded_data	discourse_particle	68	only_965	only	h	50	50	23	0.2987012987012987	0.12	0.12	0.22317254982970147	0.22317254982970147	-0.17342408907789636	-0.17342408907789636	-0.06218655220826722	-0.06218655220826722	1.0	1.0	0.0159622991786285	0.0159622991786285	0.98	0.98	0.9736034948830125	0.9736034948830125	0.27387511588396424	0.27387511588396424	0.13101655334004983	0.13101655334004983	1.0	1.0	0.1889101181711465	0.1889101181711465	False	True
expanded_data	discourse_particle	69	only_966	only	h	50	50	17	0.20481927710843373	0.8	0.8	0.8238948719381289	0.8238948719381289	0.00818865850511775	0.00818865850511775	0.009227871840189295	0.009227871840189295	1.0	1.0	0.0116062444799087	0.0116062444799087	0.24	0.24	0.19218554659302767	0.19218554659302767	-0.007300391567451698	-0.007300391567451698	-0.009006159757508674	-0.009006159757508674	0.0	0.0	-0.0184402574192394	-0.0184402574192394	False	False
expanded_data	discourse_particle	70	only_1038	only	h	50	50	0	0.0	1.0	1.0	1.0	1.0	0.725494248081315	0.725494248081315	0.6654688033081083	0.6654688033081083	1.0	1.0	1.0180375840928813	1.0180375840928813	0.66	0.66	0.7865738924374766	0.7865738924374766	0.045551443634810555	0.045551443634810555	0.07511798912930535	0.07511798912930535	1.0	1.0	0.0534246325492855	0.0534246325492855	True	True
expanded_data	discourse_particle	71	only_1142	only	h	50	50	0	0.0	0.92	0.92	0.9620286941038697	0.9620286941038697	0.08831989438371877	0.08831989438371877	0.07885752705292931	0.07885752705292931	0.0	0.0	-0.0238938760757445	-0.0238938760757445	1.0	1.0	1.0	1.0	0.22435858178620566	0.22435858178620566	0.20237722750749296	0.20237722750749296	1.0	1.0	0.1453892218100057	0.1453892218100057	True	False
expanded_data	discourse_particle	72	only_1272	only	h	50	50	10	0.1111111111111111	0.5	0.5	0.5229863678169648	0.5229863678169648	-0.0028528742535839707	-0.0028528742535839707	-0.0016713240933412586	-0.0016713240933412586	0.0	0.0	-0.0293461928764977	-0.0293461928764977	0.7	0.7	0.6708391491380739	0.6708391491380739	0.016851314864724992	0.016851314864724992	0.010973655640634157	0.010973655640634157	0.0	0.0	-0.0043273259853495	-0.0043273259853495	False	False
expanded_data	discourse_particle	73	only_1368	only	h	50	50	4	0.041666666666666664	0.42	0.42	0.47020150263896066	0.47020150263896066	-0.044823955777628724	-0.044823955777628724	-0.01584085721066466	-0.01584085721066466	1.0	1.0	0.0739347457885744	0.0739347457885744	0.92	0.92	0.9527857213718958	0.9527857213718958	0.20578855973932858	0.20578855973932858	0.19332574564303434	0.19332574564303434	0.0	0.0	-0.0346910532783057	-0.0346910532783057	False	False
expanded_data	discourse_particle	74	only_1446	only	h	50	50	4	0.041666666666666664	0.98	0.98	0.9946773035011762	0.9946773035011762	0.14309460843351698	0.14309460843351698	0.1332737592346117	0.1332737592346117	1.0	1.0	0.0788590908050537	0.0788590908050537	0.22	0.22	0.16094897854359808	0.16094897854359808	-0.04162453040303227	-0.04162453040303227	-0.04181344460732447	-0.04181344460732447	0.0	0.0	-0.0282886624336242	-0.0282886624336242	False	False
expanded_data	discourse_particle	75	only_1493	only	h	50	50	2	0.02040816326530612	0.02	0.02	0.017849861802489472	0.017849861802489472	-0.06616971228696843	-0.06616971228696843	-0.043659054134857975	-0.043659054134857975	0.0	0.0	-0.0437573759179366	-0.0437573759179366	1.0	1.0	1.0	1.0	0.06975168232201619	0.06975168232201619	0.05139195586458803	0.05139195586458803	1.0	1.0	0.0450898634420857	0.0450898634420857	False	False
expanded_data	discourse_particle	76	only_1538	only	h	50	50	11	0.12359550561797752	1.0	1.0	1.0	1.0	0.15516268342700468	0.15516268342700468	0.13326022748363825	0.13326022748363825	1.0	1.0	0.2250748781057505	0.2250748781057505	0.06	0.06	0.06712538256964201	0.06712538256964201	-0.08438957732996576	-0.08438957732996576	-0.07501137098412203	-0.07501137098412203	0.0	0.0	-0.0951229184865951	-0.0951229184865951	False	False
expanded_data	discourse_particle	77	only_1577	only	h	50	50	12	0.13636363636363635	0.22	0.22	0.2972326436933989	0.2972326436933989	-0.01806461688016029	-0.01806461688016029	-0.013084075080187201	-0.013084075080187201	0.0	0.0	-0.0427930421299405	-0.0427930421299405	0.9	0.9	0.8253276393102558	0.8253276393102558	0.03597441130375315	0.03597441130375315	0.023491136840211934	0.023491136840211934	1.0	1.0	0.0356154441833496	0.0356154441833496	False	False
expanded_data	discourse_particle	78	only_1579	only	h	50	50	4	0.041666666666666664	0.38	0.38	0.4961745654602301	0.4961745654602301	-0.006296231669081229	-0.006296231669081229	-0.0005819479730080357	-0.0005819479730080357	0.0	0.0	-0.0146940013636713	-0.0146940013636713	0.8	0.8	0.7429791631147187	0.7429791631147187	0.013398936226823858	0.013398936226823858	0.008454657477304815	0.008454657477304815	1.0	1.0	0.0059275776147842	0.0059275776147842	False	False
expanded_data	discourse_particle	79	only_1602	only	h	50	50	0	0.0	0.1	0.1	0.10770970131304826	0.10770970131304826	-0.050300840536631114	-0.050300840536631114	-0.028730181314014364	-0.028730181314014364	0.0	0.0	-0.0805370026621323	-0.0805370026621323	1.0	1.0	1.0	1.0	0.16365132983748482	0.16365132983748482	0.09414266802375044	0.09414266802375044	1.0	1.0	0.0598568879067897	0.0598568879067897	False	False
expanded_data	discourse_particle	80	only_1624	only	h	50	50	0	0.0	0.96	0.96	0.9197425588359657	0.9197425588359657	0.23782550090157117	0.23782550090157117	0.20393985130541892	0.20393985130541892	1.0	1.0	0.4411287307739258	0.4411287307739258	0.98	0.98	0.9797777040434936	0.9797777040434936	0.1609026616303171	0.1609026616303171	0.14009006505060131	0.14009006505060131	1.0	1.0	0.2846018473307294	0.2846018473307294	True	True
expanded_data	discourse_particle	81	only_1817	only	h	50	50	1	0.010101010101010102	0.06	0.06	0.14155249472189466	0.14155249472189466	-0.021065731674560172	-0.021065731674560172	-0.011762559775904608	-0.011762559775904608	0.0	0.0	-0.0153981560752507	-0.0153981560752507	0.94	0.94	0.9287232555245148	0.9287232555245148	0.019114500194135613	0.019114500194135613	0.014424708438259262	0.014424708438259262	1.0	1.0	0.0166014432907104	0.0166014432907104	False	False
expanded_data	discourse_particle	82	only_1888	only	h	50	50	0	0.0	1.0	1.0	1.0	1.0	0.07386625627979378	0.07386625627979378	0.06358092940129868	0.06358092940129868	1.0	1.0	0.0823562236932606	0.0823562236932606	0.0	0.0	0.0	0.0	-0.06134976020081586	-0.06134976020081586	-0.050677615902018185	-0.050677615902018185	0.0	0.0	-0.0445869133390228	-0.0445869133390228	False	False
expanded_data	discourse_particle	83	only_1891	only	h	50	50	1	0.010101010101010102	1.0	1.0	1.0	1.0	0.022828033415388596	0.022828033415388596	0.02142127901410953	0.02142127901410953	1.0	1.0	0.0211724251508711	0.0211724251508711	0.02	0.02	0.028245472920145263	0.028245472920145263	-0.020906973447312835	-0.020906973447312835	-0.018154828549698625	-0.018154828549698625	0.0	0.0	-0.0255341391230738	-0.0255341391230738	False	False
expanded_data	discourse_particle	84	only_2032	only	h	50	50	0	0.0	0.34	0.34	0.37299670928978684	0.37299670928978684	-0.012585312276279095	-0.012585312276279095	-0.008054105383718554	-0.008054105383718554	0.0	0.0	-0.0040354800946782	-0.0040354800946782	0.92	0.92	0.9022029432250744	0.9022029432250744	0.035393249527533636	0.035393249527533636	0.025336681614456895	0.025336681614456895	1.0	1.0	0.0210866509257137	0.0210866509257137	False	False
expanded_data	discourse_particle	85	only_2038	only	h	50	50	1	0.010101010101010102	0.4	0.4	0.5349947067036641	0.5349947067036641	-0.0853219710791431	-0.0853219710791431	-0.007286204422738897	-0.007286204422738897	0.0	0.0	-0.0083049734433491	-0.0083049734433491	0.96	0.96	0.944351287892504	0.944351287892504	0.0999004363769342	0.0999004363769342	0.06340992008399637	0.06340992008399637	1.0	1.0	0.0484182557394339	0.0484182557394339	False	False
expanded_data	discourse_particle	86	only_2118	only	h	50	50	13	0.14942528735632185	0.88	0.88	0.9345588727728346	0.9345588727728346	0.12983806263120537	0.12983806263120537	0.13291824274782124	0.13291824274782124	1.0	1.0	0.4080855387907762	0.4080855387907762	0.48	0.48	0.4573760709402222	0.4573760709402222	-0.014857309716958852	-0.014857309716958852	-0.01199377438742457	-0.01199377438742457	0.0	0.0	-0.0766913652420042	-0.0766913652420042	False	False
expanded_data	discourse_particle	87	only_2232	only	h	50	50	2	0.02040816326530612	0.8	0.8	0.7686320052266322	0.7686320052266322	0.09828807823749504	0.09828807823749504	0.0616941471317589	0.0616941471317589	1.0	1.0	0.1143273993542319	0.1143273993542319	0.72	0.72	0.8055084030042732	0.8055084030042732	0.007543332848933168	0.007543332848933168	0.03598608991491045	0.03598608991491045	1.0	1.0	0.1112064993059311	0.1112064993059311	True	True
expanded_data	discourse_particle	88	only_2333	only	h	50	50	9	0.0989010989010989	0.32	0.32	0.4188681285248756	0.4188681285248756	-0.0431398482354754	-0.0431398482354754	-0.024402764268176072	-0.024402764268176072	0.0	0.0	-0.0259182068609422	-0.0259182068609422	0.94	0.94	0.953956307238211	0.953956307238211	0.08148954061918365	0.08148954061918365	0.07083905989374496	0.07083905989374496	1.0	1.0	0.1013505396090055	0.1013505396090055	False	False
expanded_data	discourse_particle	89	only_2405	only	h	50	50	1	0.010101010101010102	0.02	0.02	0.057735250786658456	0.057735250786658456	-0.06750345294534592	-0.06750345294534592	-0.0399726042347099	-0.0399726042347099	0.0	0.0	-0.0241372172649092	-0.0241372172649092	1.0	1.0	1.0	1.0	0.06189704707802275	0.06189704707802275	0.03846097521743046	0.03846097521743046	1.0	1.0	0.0891108723247753	0.0891108723247753	False	False
expanded_data	discourse_particle	90	only_2470	only	h	50	50	4	0.041666666666666664	0.0	0.0	0.0	0.0	-0.14066417412767693	-0.14066417412767693	-0.10229902588142278	-0.10229902588142278	0.0	0.0	-0.1123624742031097	-0.1123624742031097	0.98	0.98	0.9991758319936976	0.9991758319936976	0.2029624444856779	0.2029624444856779	0.1766729821185531	0.1766729821185531	1.0	1.0	0.2646764755249022	0.2646764755249022	False	False
expanded_data	discourse_particle	91	only_2627	only	h	50	50	0	0.0	1.0	1.0	1.0	1.0	0.1393884058230044	0.1393884058230044	0.10210088938132306	0.10210088938132306	1.0	1.0	0.4065911553122774	0.4065911553122774	0.28	0.28	0.4462787251350497	0.4462787251350497	-0.0365206086400389	-0.0365206086400389	0.005981420594501072	0.005981420594501072	0.0	0.0	-0.0166107699984596	-0.0166107699984596	False	False
expanded_data	discourse_particle	92	only_2678	only	h	50	50	0	0.0	0.92	0.92	0.9492373028207066	0.9492373028207066	0.013850731271413485	0.013850731271413485	0.016363105300384356	0.016363105300384356	1.0	1.0	0.0071679864610949	0.0071679864610949	0.14	0.14	0.12389065173169767	0.12389065173169767	-0.009729427756484641	-0.009729427756484641	-0.010827021283461559	-0.010827021283461559	1.0	1.0	0.004220349844112	0.004220349844112	False	True
expanded_data	discourse_particle	93	only_2682	only	h	50	50	0	0.0	0.82	0.82	0.8882305099343516	0.8882305099343516	0.1719360433958377	0.1719360433958377	0.18095607696713403	0.18095607696713403	1.0	1.0	0.2225132808089256	0.2225132808089256	1.0	1.0	1.0	1.0	0.23987461833069465	0.23987461833069465	0.22463683212338476	0.22463683212338476	1.0	1.0	0.1612044228447811	0.1612044228447811	True	True
expanded_data	discourse_particle	94	only_2695	only	h	50	50	1	0.010101010101010102	0.08	0.08	0.11421030097746045	0.11421030097746045	-0.02407205833190705	-0.02407205833190705	-0.016053391517671597	-0.016053391517671597	0.0	0.0	-0.0087488439847838	-0.0087488439847838	1.0	1.0	1.0	1.0	0.03772224511727781	0.03772224511727781	0.026638759223291026	0.026638759223291026	1.0	1.0	0.0126030374975765	0.0126030374975765	False	False
expanded_data	discourse_particle	95	only_2703	only	h	50	50	8	0.08695652173913043	0.08	0.08	0.06630456806576834	0.06630456806576834	-0.09297911333590987	-0.09297911333590987	-0.07161661881740557	-0.07161661881740557	0.0	0.0	-0.0811013412475585	-0.0811013412475585	1.0	1.0	1.0	1.0	0.12783271652148842	0.12783271652148842	0.1193161740430299	0.1193161740430299	1.0	1.0	0.0894704426036163	0.0894704426036163	False	False
expanded_data	discourse_particle	96	only_2903	only	h	50	50	15	0.17647058823529413	1.0	1.0	1.0	1.0	0.03043695790829351	0.03043695790829351	0.0290226222379838	0.0290226222379838	1.0	1.0	0.0334684708539176	0.0334684708539176	0.0	0.0	0.0	0.0	-0.03303681106161372	-0.03303681106161372	-0.03095095324913515	-0.03095095324913515	0.0	0.0	-0.0210188797542025	-0.0210188797542025	False	False
expanded_data	discourse_particle	97	only_3267	only	h	50	50	11	0.12359550561797752	0.0	0.0	0.0	0.0	-0.05338402424791413	-0.05338402424791413	-0.03898897461708741	-0.03898897461708741	0.0	0.0	-0.0548783477983976	-0.0548783477983976	0.98	0.98	0.9452355492335163	0.9452355492335163	0.0600209834586439	0.0600209834586439	0.04794268327301793	0.04794268327301793	1.0	1.0	0.0528294100905912	0.0528294100905912	False	False
expanded_data	discourse_particle	98	only_3302	only	h	50	50	2	0.02040816326530612	0.12	0.12	0.21503859510710394	0.21503859510710394	-0.052087601496913195	-0.052087601496913195	-0.025613276288272202	-0.025613276288272202	0.0	0.0	-0.0870220609333207	-0.0870220609333207	1.0	1.0	1.0	1.0	0.1331201246712157	0.1331201246712157	0.07282535339251259	0.07282535339251259	1.0	1.0	0.0872790685721804	0.0872790685721804	False	False
expanded_data	discourse_particle	99	only_3332	only	h	50	50	2	0.02040816326530612	0.84	0.84	0.802232172827911	0.802232172827911	0.12216278093782827	0.12216278093782827	0.10731291190256499	0.10731291190256499	1.0	1.0	0.447102041471572	0.447102041471572	0.96	0.96	0.9987784389193807	0.9987784389193807	0.09145553600483708	0.09145553600483708	0.09852691634801215	0.09852691634801215	1.0	1.0	0.0991571207304258	0.0991571207304258	True	True
expanded_data	discourse_particle	100	only_3340	only	h	50	50	11	0.12359550561797752	0.92	0.92	0.9376851215957688	0.9376851215957688	0.09039582709482095	0.09039582709482095	0.062301506832337226	0.062301506832337226	1.0	1.0	0.1097569465637207	0.1097569465637207	0.18	0.18	0.25393151406586045	0.25393151406586045	-0.059004779463309454	-0.059004779463309454	-0.034712509824445736	-0.034712509824445736	1.0	1.0	0.0093081394831342	0.0093081394831342	False	True
expanded_data	discourse_particle	101	only_3385	only	h	50	50	5	0.05263157894736842	0.38	0.38	0.4901134210793554	0.4901134210793554	-0.037255744867843214	-0.037255744867843214	-0.010489486506707816	-0.010489486506707816	0.0	0.0	-0.1523687158312117	-0.1523687158312117	0.9	0.9	0.91003158586062	0.91003158586062	0.07520780828175565	0.07520780828175565	0.054758583048708044	0.054758583048708044	1.0	1.0	0.0721754233042397	0.0721754233042397	False	False
expanded_data	discourse_particle	102	only_3392	only	h	50	50	1	0.010101010101010102	0.28	0.28	0.45314766852607474	0.45314766852607474	-0.1397240319233124	-0.1397240319233124	0.0005323404816131409	0.0005323404816131409	1.0	1.0	0.1551449696222941	0.1551449696222941	1.0	1.0	1.0	1.0	0.5929832895293896	0.5929832895293896	0.4404519277719751	0.4404519277719751	1.0	1.0	0.1903852898141611	0.1903852898141611	False	True
expanded_data	discourse_particle	103	only_3393	only	h	50	50	0	0.0	0.8	0.8	0.9551939657812935	0.9551939657812935	0.1737827060420645	0.1737827060420645	0.24460013961643995	0.24460013961643995	1.0	1.0	0.0090302361382379	0.0090302361382379	1.0	1.0	1.0	1.0	0.5066939205307106	0.5066939205307106	0.4256398884848678	0.4256398884848678	1.0	1.0	0.4987317025661468	0.4987317025661468	True	True
expanded_data	discourse_particle	104	only_3394	only	h	50	50	5	0.05263157894736842	0.0	0.0	0.0	0.0	-0.06594659059134307	-0.06594659059134307	-0.05531624835494482	-0.05531624835494482	0.0	0.0	-0.059366703033447	-0.059366703033447	1.0	1.0	1.0	1.0	0.10030147792408008	0.10030147792408008	0.0738580088822588	0.0738580088822588	1.0	1.0	0.1069596648216246	0.1069596648216246	False	False
expanded_data	discourse_particle	105	only_3465	only	h	50	50	2	0.02040816326530612	0.4	0.4	0.43098066751679864	0.43098066751679864	-0.006180289011832568	-0.006180289011832568	-0.021450732809123442	-0.021450732809123442	0.0	0.0	-0.1546904490544247	-0.1546904490544247	1.0	1.0	1.0	1.0	0.16814630205093567	0.16814630205093567	0.15275275328557925	0.15275275328557925	1.0	1.0	0.1413053955350602	0.1413053955350602	False	False
expanded_data	discourse_particle	106	only_3483	only	h	50	50	2	0.02040816326530612	1.0	1.0	1.0	1.0	0.2593070811214143	0.2593070811214143	0.1683187325453401	0.1683187325453401	1.0	1.0	0.1548487400186471	0.1548487400186471	0.18	0.18	0.4239012559571581	0.4239012559571581	-0.17064212634968856	-0.17064212634968856	-0.020030474456988634	-0.020030474456988634	1.0	1.0	0.0002092459262943	0.0002092459262943	False	True
expanded_data	discourse_particle	107	only_3484	only	h	50	50	1	0.010101010101010102	1.0	1.0	1.0	1.0	0.525800331808849	0.525800331808849	0.3150715052573468	0.3150715052573468	1.0	1.0	0.4829944579497627	0.4829944579497627	0.1	0.1	0.3589933884367548	0.3589933884367548	-0.23903117651621364	-0.23903117651621364	-0.0340096562008559	-0.0340096562008559	0.0	0.0	-0.3244374096393585	-0.3244374096393585	False	False
expanded_data	discourse_particle	108	only_3568	only	h	50	50	5	0.05263157894736842	0.48	0.48	0.6063351418935354	0.6063351418935354	-0.035464957600632965	-0.035464957600632965	0.007608606853970182	0.007608606853970182	0.0	0.0	-0.0016186714172365	-0.0016186714172365	0.98	0.98	0.9687610245354321	0.9687610245354321	0.27263379188944603	0.27263379188944603	0.1603353288835942	0.1603353288835942	1.0	1.0	0.2062085935047692	0.2062085935047692	False	False
expanded_data	discourse_particle	109	only_3570	only	h	50	50	1	0.010101010101010102	0.18	0.18	0.284559599471572	0.284559599471572	-0.054486438452486984	-0.054486438452486984	-0.02090813459157401	-0.02090813459157401	1.0	1.0	0.0374638810753822	0.0374638810753822	0.96	0.96	0.945545261514287	0.945545261514287	0.10967912132059339	0.10967912132059339	0.060741155354398425	0.060741155354398425	1.0	1.0	0.0383247209317756	0.0383247209317756	False	True
expanded_data	discourse_particle	110	only_3674	only	h	50	50	10	0.1111111111111111	1.0	1.0	1.0	1.0	0.03629154509206512	0.03629154509206512	0.023003385723438546	0.023003385723438546	1.0	1.0	0.0713161892361107	0.0713161892361107	0.06	0.06	0.054797745222916264	0.054797745222916264	-0.034622369542446095	-0.034622369542446095	-0.02118331487463221	-0.02118331487463221	0.0	0.0	-0.1280691964285711	-0.1280691964285711	False	False
expanded_data	discourse_particle	111	only_3779	only	h	50	50	2	0.02040816326530612	0.54	0.54	0.7266604824639681	0.7266604824639681	-0.029274150494492165	-0.029274150494492165	0.01946779879808318	0.01946779879808318	0.0	0.0	-0.3129530482821998	-0.3129530482821998	1.0	1.0	1.0	1.0	0.2946027829361386	0.2946027829361386	0.2426631763842228	0.2426631763842228	1.0	1.0	0.2457195950878992	0.2457195950878992	False	False
expanded_data	discourse_particle	112	only_3792	only	h	50	50	16	0.19047619047619047	0.04	0.04	0.15687084517547004	0.15687084517547004	-0.16762694808753217	-0.16762694808753217	-0.12410126979924921	-0.12410126979924921	0.0	0.0	-0.2164634543080481	-0.2164634543080481	1.0	1.0	1.0	1.0	0.1977342124560467	0.1977342124560467	0.19827298609159447	0.19827298609159447	1.0	1.0	0.2364943666117529	0.2364943666117529	False	False
expanded_data	discourse_particle	113	only_3843	only	h	50	50	16	0.19047619047619047	0.9	0.9	0.8892088625971492	0.8892088625971492	0.041559301208988576	0.041559301208988576	0.033549640494921935	0.033549640494921935	0.0	0.0	-0.0003293071474352	-0.0003293071474352	0.3	0.3	0.30524577138868914	0.30524577138868914	-0.025892999947355035	-0.025892999947355035	-0.017047961942355222	-0.017047961942355222	0.0	0.0	-0.0125990254538397	-0.0125990254538397	False	False
expanded_data	discourse_particle	114	only_3867	only	h	50	50	6	0.06382978723404255	0.96	0.96	0.9857185810804251	0.9857185810804251	0.32178980239621496	0.32178980239621496	0.5308324270327393	0.5308324270327393	1.0	1.0	0.0637148271004357	0.0637148271004357	0.84	0.84	0.8553302732634479	0.8553302732634479	0.06085871497773233	0.06085871497773233	0.05527456647838263	0.05527456647838263	1.0	1.0	0.0033807506163916	0.0033807506163916	True	True
expanded_data	discourse_particle	115	only_3896	only	h	50	50	11	0.12359550561797752	0.02	0.02	0.02416797219333165	0.02416797219333165	-0.236665895658856	-0.236665895658856	-0.19064943905856355	-0.19064943905856355	0.0	0.0	-0.2230198648240828	-0.2230198648240828	1.0	1.0	1.0	1.0	0.2555076831230007	0.2555076831230007	0.2088215154073582	0.2088215154073582	1.0	1.0	0.2624399506527446	0.2624399506527446	False	False
expanded_data	discourse_particle	116	only_3930	only	h	50	50	0	0.0	0.42	0.42	0.47280643409591655	0.47280643409591655	-0.0035734371613132102	-0.0035734371613132102	0.001421871839257156	0.001421871839257156	1.0	1.0	0.0313721752166751	0.0313721752166751	0.9	0.9	0.9078009255302534	0.9078009255302534	0.024135075988164043	0.024135075988164043	0.01823777899372395	0.01823777899372395	1.0	1.0	0.0024217159851736	0.0024217159851736	False	True
expanded_data	discourse_particle	117	only_3999	only	h	50	50	1	0.010101010101010102	0.54	0.54	0.7076663261968226	0.7076663261968226	0.05539420858631403	0.05539420858631403	0.09339432547111239	0.09339432547111239	0.0	0.0	-0.0904661700839088	-0.0904661700839088	1.0	1.0	1.0	1.0	0.22867400004143085	0.22867400004143085	0.18931962635370206	0.18931962635370206	1.0	1.0	0.2474338245391845	0.2474338245391845	True	False
expanded_data	discourse_particle	118	only_4003	only	h	50	50	7	0.07526881720430108	1.0	1.0	1.0	1.0	0.08435788857775674	0.08435788857775674	0.06153576631191046	0.06153576631191046	1.0	1.0	0.0727791969592752	0.0727791969592752	0.18	0.18	0.2268009600609141	0.2268009600609141	-0.029861825598306472	-0.029861825598306472	-0.01787294431618677	-0.01787294431618677	1.0	1.0	0.0138582402262192	0.0138582402262192	False	True
expanded_data	discourse_particle	119	only_4172	only	h	50	50	0	0.0	0.76	0.76	0.8597545627378175	0.8597545627378175	0.02333545946872924	0.02333545946872924	0.028621667743264516	0.028621667743264516	1.0	1.0	0.0544260670157039	0.0544260670157039	0.72	0.72	0.6014814356489045	0.6014814356489045	0.046411567893898116	0.046411567893898116	0.022399518389134076	0.022399518389134076	0.0	0.0	-0.0209321521577381	-0.0209321521577381	True	False
expanded_data	meaning_control	120	not_5	not	h	50	50	0	0.0	0.86	0.86	0.935671107189062	0.935671107189062	0.26967476799645956	0.26967476799645956	0.35467890662869783	0.35467890662869783	1.0	1.0	0.402990324497223	0.402990324497223	1.0	1.0	1.0	1.0	0.7246906378321796	0.7246906378321796	0.7123408411280892	0.7123408411280892	1.0	1.0	0.8477625506264821	0.8477625506264821	True	True
expanded_data	meaning_control	121	not_7	not	h	50	50	1	0.010101010101010102	1.0	1.0	1.0	1.0	0.22682155371570276	0.22682155371570276	0.22629408705975196	0.22629408705975196	1.0	1.0	0.2103557680782517	0.2103557680782517	0.46	0.46	0.27913592172473745	0.27913592172473745	0.03246298507626997	0.03246298507626997	-0.06650519736072655	-0.06650519736072655	0.0	0.0	-0.1245468978224129	-0.1245468978224129	True	False
expanded_data	meaning_control	122	not_15	not	h	50	50	1	0.010101010101010102	0.96	0.96	0.9925118392417558	0.9925118392417558	0.29962704105789156	0.29962704105789156	0.32921449242255985	0.32921449242255985	1.0	1.0	0.0524830926548345	0.0524830926548345	1.0	1.0	1.0	1.0	1.2039107717875817	1.2039107717875817	1.1837240913737685	1.1837240913737685	1.0	1.0	1.5765955071700244	1.5765955071700244	True	True
expanded_data	meaning_control	123	not_71	not	h	50	50	8	0.08695652173913043	0.74	0.74	0.8251735257414766	0.8251735257414766	0.021622586926879434	0.021622586926879434	0.06098090976980829	0.06098090976980829	1.0	1.0	0.1354074875513711	0.1354074875513711	0.52	0.52	0.4237371605373328	0.4237371605373328	0.09287845977995608	0.09287845977995608	0.032461491467353276	0.032461491467353276	0.0	0.0	-0.0606546401977539	-0.0606546401977539	True	False
expanded_data	meaning_control	124	not_81	not	h	50	50	0	0.0	0.96	0.96	0.9998443404248758	0.9998443404248758	1.0333351020112946	1.0333351020112946	1.1939324383523207	1.1939324383523207	1.0	1.0	0.4401523556028088	0.4401523556028088	1.0	1.0	1.0	1.0	1.8546002290863912	1.8546002290863912	1.7126385519502183	1.7126385519502183	1.0	1.0	2.4451070513044084	2.4451070513044084	True	True
expanded_data	meaning_control	125	not_226	not	h	50	50	1	0.010101010101010102	1.0	1.0	1.0	1.0	0.29152073762974057	0.29152073762974057	0.24313549386651367	0.24313549386651367	1.0	1.0	0.8449199676513679	0.8449199676513679	0.54	0.54	0.8189555091345379	0.8189555091345379	0.08224427043582645	0.08224427043582645	0.23301958149093935	0.23301958149093935	1.0	1.0	0.6134004779160023	0.6134004779160023	True	True
expanded_data	meaning_control	126	not_244	not	h	50	50	2	0.02040816326530612	0.4	0.4	0.5472060780728719	0.5472060780728719	0.06121551877746029	0.06121551877746029	0.15665304416941564	0.15665304416941564	0.0	0.0	-0.1350750843683879	-0.1350750843683879	0.98	0.98	0.9908084419802107	0.9908084419802107	0.25118866746149077	0.25118866746149077	0.28173093595402393	0.28173093595402393	1.0	1.0	0.2553850337862968	0.2553850337862968	True	False
expanded_data	meaning_control	127	not_272	not	h	50	50	1	0.010101010101010102	0.7	0.7	0.8641814270967482	0.8641814270967482	0.02163075656104455	0.02163075656104455	0.07103723346806698	0.07103723346806698	1.0	1.0	0.0192266209372156	0.0192266209372156	0.98	0.98	0.9779287292095196	0.9779287292095196	0.4884799745509818	0.4884799745509818	0.3858579454103596	0.3858579454103596	1.0	1.0	0.0308320137762252	0.0308320137762252	True	True
expanded_data	meaning_control	128	not_302	not	h	50	50	2	0.02040816326530612	0.22	0.22	0.44879593420317015	0.44879593420317015	-0.03880897388394894	-0.03880897388394894	-0.007550627481226986	-0.007550627481226986	0.0	0.0	-0.0012523412704465	-0.0012523412704465	1.0	1.0	1.0	1.0	0.06668392295611221	0.06668392295611221	0.031118100174467384	0.031118100174467384	1.0	1.0	0.0759967565536499	0.0759967565536499	False	False
expanded_data	meaning_control	129	not_309	not	h	50	50	4	0.041666666666666664	0.9	0.9	0.8841161313409657	0.8841161313409657	0.03860640577794158	0.03860640577794158	0.031828362160687726	0.031828362160687726	1.0	1.0	0.0589612960815433	0.0589612960815433	0.42	0.42	0.5334798040299035	0.5334798040299035	-0.013032238682327613	-0.013032238682327613	-0.0013640511975053144	-0.0013640511975053144	0.0	0.0	-0.0248749485382671	-0.0248749485382671	False	False
expanded_data	meaning_control	130	not_319	not	h	50	50	0	0.0	1.0	1.0	1.0	1.0	1.879519307770829	1.879519307770829	1.7335684622809202	1.7335684622809202	1.0	1.0	2.126917584737142	2.126917584737142	0.84	0.84	0.9622103139891706	0.9622103139891706	0.19429268088143456	0.19429268088143456	0.2819328080815138	0.2819328080815138	1.0	1.0	0.4743518148149759	0.4743518148149759	True	True
expanded_data	meaning_control	131	not_367	not	h	50	50	19	0.2345679012345679	0.76	0.76	0.958020103967191	0.958020103967191	0.04152379488509928	0.04152379488509928	0.07771434504541597	0.07771434504541597	0.0	0.0	-0.0379562888826638	-0.0379562888826638	0.42	0.42	0.22975660614629825	0.22975660614629825	0.01262828106468511	0.01262828106468511	-0.02347078406218086	-0.02347078406218086	0.0	0.0	-0.0147262960672378	-0.0147262960672378	True	False
expanded_data	meaning_control	132	not_379	not	h	50	50	0	0.0	0.7	0.7	0.869103288652908	0.869103288652908	0.07195312940464804	0.07195312940464804	0.19030230299876266	0.19030230299876266	1.0	1.0	0.225226977292229	0.225226977292229	1.0	1.0	1.0	1.0	0.9107290113365804	0.9107290113365804	0.7269450161504052	0.7269450161504052	1.0	1.0	0.3621532366825981	0.3621532366825981	True	True
expanded_data	meaning_control	133	not_383	not	h	50	50	4	0.041666666666666664	0.88	0.88	0.932530122159656	0.932530122159656	0.1743596569349752	0.1743596569349752	0.21835275724263692	0.21835275724263692	1.0	1.0	0.2103526251656666	0.2103526251656666	0.92	0.92	0.9746133589495649	0.9746133589495649	0.2280797292091477	0.2280797292091477	0.320111661840289	0.320111661840289	1.0	1.0	0.968849985495858	0.968849985495858	True	True
expanded_data	meaning_control	134	not_460	not	h	50	50	3	0.030927835051546393	0.06	0.06	0.08226821078714128	0.08226821078714128	-0.34076145890921183	-0.34076145890921183	-0.1963723673408607	-0.1963723673408607	0.0	0.0	-0.7301248876672046	-0.7301248876672046	1.0	1.0	1.0	1.0	1.0169550991387013	1.0169550991387013	0.8980021622377234	0.8980021622377234	1.0	1.0	0.4809801440972552	0.4809801440972552	False	False
expanded_data	meaning_control	135	not_686	not	h	50	50	0	0.0	1.0	1.0	1.0	1.0	0.47581124072479875	0.47581124072479875	0.500231896173392	0.500231896173392	1.0	1.0	0.2114932686090469	0.2114932686090469	1.0	1.0	1.0	1.0	0.3242008473084679	0.3242008473084679	0.3065682544956582	0.3065682544956582	1.0	1.0	0.2749730348587036	0.2749730348587036	True	True
expanded_data	meaning_control	136	not_698	not	h	50	50	0	0.0	1.0	1.0	1.0	1.0	1.2911772694175476	1.2911772694175476	1.2063593810844473	1.2063593810844473	1.0	1.0	1.0815594379718485	1.0815594379718485	0.68	0.68	0.9131392084467997	0.9131392084467997	0.17516667764223937	0.17516667764223937	0.40398881358115957	0.40398881358115957	0.0	0.0	-0.1284509946902599	-0.1284509946902599	True	False
expanded_data	meaning_control	137	not_702	not	h	50	50	0	0.0	0.0	0.0	0.0	0.0	-0.04233439648957212	-0.04233439648957212	-0.031180312099951913	-0.031180312099951913	0.0	0.0	-0.0232824825105213	-0.0232824825105213	1.0	1.0	1.0	1.0	0.0468632311524144	0.0468632311524144	0.03912520809753293	0.03912520809753293	1.0	1.0	0.0544652060458532	0.0544652060458532	False	False
expanded_data	meaning_control	138	not_729	not	h	50	50	0	0.0	0.58	0.58	0.6075346112035349	0.6075346112035349	0.03156664909746125	0.03156664909746125	0.09012366394320952	0.09012366394320952	0.0	0.0	-0.0970297455787658	-0.0970297455787658	1.0	1.0	1.0	1.0	1.6533315910619242	1.6533315910619242	1.5464070844028261	1.5464070844028261	1.0	1.0	1.5827520801907498	1.5827520801907498	True	False
expanded_data	meaning_control	139	not_768	not	h	50	50	0	0.0	1.0	1.0	1.0	1.0	1.3653754154986582	1.3653754154986582	1.0006221169452991	1.0006221169452991	1.0	1.0	1.796801507472992	1.796801507472992	0.94	0.94	0.9632901100168858	0.9632901100168858	0.18330806606765265	0.18330806606765265	0.19082321645883502	0.19082321645883502	1.0	1.0	0.1094709497231702	0.1094709497231702	True	True
expanded_data	meaning_control	140	not_865	not	h	50	50	1	0.010101010101010102	0.04	0.04	0.030107205092727927	0.030107205092727927	-0.08144354483241789	-0.08144354483241789	-0.05701296353433323	-0.05701296353433323	0.0	0.0	-0.0917832770130853	-0.0917832770130853	1.0	1.0	1.0	1.0	0.1831088332092038	0.1831088332092038	0.12088541363017882	0.12088541363017882	1.0	1.0	0.1666976488553562	0.1666976488553562	False	False
expanded_data	meaning_control	141	not_949	not	h	50	50	2	0.02040816326530612	0.66	0.66	0.8908640250063885	0.8908640250063885	0.3124230234973094	0.3124230234973094	0.5982360843366326	0.5982360843366326	0.0	0.0	-0.615990378639915	-0.615990378639915	1.0	1.0	1.0	1.0	0.96710192387296	0.96710192387296	0.7414697337965727	0.7414697337965727	1.0	1.0	0.3460539062817891	0.3460539062817891	True	False
expanded_data	meaning_control	142	not_969	not	h	50	50	2	0.02040816326530612	1.0	1.0	1.0	1.0	0.11396595292585704	0.11396595292585704	0.10624936460866484	0.10624936460866484	1.0	1.0	0.0646135668421901	0.0646135668421901	0.38	0.38	0.4831225921425954	0.4831225921425954	-0.02240483493349018	-0.02240483493349018	-0.0001899284651119634	-0.0001899284651119634	1.0	1.0	0.0421100075428302	0.0421100075428302	False	True
expanded_data	meaning_control	143	not_1154	not	h	50	50	9	0.0989010989010989	1.0	1.0	1.0	1.0	0.12080203134974303	0.12080203134974303	0.11679815032231709	0.11679815032231709	1.0	1.0	0.0735853287306698	0.0735853287306698	0.0	0.0	0.0	0.0	-0.11726861430604138	-0.11726861430604138	-0.10485497504266512	-0.10485497504266512	0.0	0.0	-0.1127272879376131	-0.1127272879376131	False	False
expanded_data	meaning_control	144	not_1270	not	h	50	50	0	0.0	0.98	0.98	0.9937485175140384	0.9937485175140384	0.3284508787684352	0.3284508787684352	0.31720017571972386	0.31720017571972386	1.0	1.0	0.3001342366139095	0.3001342366139095	1.0	1.0	1.0	1.0	0.9663909906045185	0.9663909906045185	0.8420986125400572	0.8420986125400572	1.0	1.0	1.4198167507465067	1.4198167507465067	True	True
expanded_data	meaning_control	145	not_1286	not	h	50	50	6	0.06382978723404255	1.0	1.0	1.0	1.0	0.2683787630399208	0.2683787630399208	0.2574039173252819	0.2574039173252819	1.0	1.0	0.0383539199829101	0.0383539199829101	0.62	0.62	0.6176953243892007	0.6176953243892007	0.05286805247181386	0.05286805247181386	0.03253983539889332	0.03253983539889332	0.0	0.0	-0.0132830301920572	-0.0132830301920572	True	False
expanded_data	meaning_control	146	not_1347	not	h	50	50	1	0.010101010101010102	1.0	1.0	1.0	1.0	0.21074312594337508	0.21074312594337508	0.1940582905561312	0.1940582905561312	1.0	1.0	0.06357295513153	0.06357295513153	0.66	0.66	0.7475359156138696	0.7475359156138696	0.10364787921681577	0.10364787921681577	0.08164773638830468	0.08164773638830468	1.0	1.0	0.2831712630059977	0.2831712630059977	True	True
expanded_data	meaning_control	147	not_1353	not	h	50	50	12	0.13636363636363635	0.98	0.98	0.9728648317042914	0.9728648317042914	0.07585265541476453	0.07585265541476453	0.06110111462992972	0.06110111462992972	1.0	1.0	0.0970062861839928	0.0970062861839928	0.4	0.4	0.5749739807941634	0.5749739807941634	-0.01797490671712626	-0.01797490671712626	0.008624020820345302	0.008624020820345302	0.0	0.0	-0.0021670588425228	-0.0021670588425228	False	False
expanded_data	meaning_control	148	not_1385	not	h	50	50	1	0.010101010101010102	0.98	0.98	0.9959463873925258	0.9959463873925258	0.49067573270094766	0.49067573270094766	0.45111388625164583	0.45111388625164583	1.0	1.0	1.1768004834651942	1.1768004834651942	0.9	0.9	0.9982659896292341	0.9982659896292341	0.8942920359508812	0.8942920359508812	1.1375216511679003	1.1375216511679003	1.0	1.0	1.3814304207192094	1.3814304207192094	True	True
expanded_data	meaning_control	149	not_1406	not	h	50	50	0	0.0	0.86	0.86	0.9618442349977652	0.9618442349977652	0.3004908589673134	0.3004908589673134	0.3684686204031484	0.3684686204031484	1.0	1.0	0.2851551352320491	0.2851551352320491	1.0	1.0	1.0	1.0	0.8632203685590896	0.8632203685590896	0.7299079915497348	0.7299079915497348	1.0	1.0	0.9047727214879	0.9047727214879	True	True
expanded_data	meaning_control	150	not_1570	not	h	50	50	0	0.0	0.72	0.72	0.7856354046896552	0.7856354046896552	0.04495956764037382	0.04495956764037382	0.06410009267983821	0.06410009267983821	1.0	1.0	0.092520785331726	0.092520785331726	0.96	0.96	0.9723191050389423	0.9723191050389423	0.20814543858422493	0.20814543858422493	0.18683747029616266	0.18683747029616266	1.0	1.0	0.1230614431973164	0.1230614431973164	True	True
expanded_data	meaning_control	151	not_1602	not	h	50	50	3	0.030927835051546393	0.08	0.08	0.11869120928884089	0.11869120928884089	-0.12535107207119825	-0.12535107207119825	-0.09633836478475576	-0.09633836478475576	0.0	0.0	-0.2180467271804809	-0.2180467271804809	1.0	1.0	1.0	1.0	0.5560968444060835	0.5560968444060835	0.4472226574144313	0.4472226574144313	1.0	1.0	0.9299124717712406	0.9299124717712406	False	False
expanded_data	meaning_control	152	not_1608	not	h	50	50	0	0.0	1.0	1.0	1.0	1.0	0.3267102078204674	0.3267102078204674	0.2827916098948823	0.2827916098948823	1.0	1.0	0.1990623772144317	0.1990623772144317	0.46	0.46	0.5790183245769556	0.5790183245769556	-0.002268130911923094	-0.002268130911923094	0.02778650748601988	0.02778650748601988	0.0	0.0	-0.0454409932190515	-0.0454409932190515	False	False
expanded_data	meaning_control	153	not_1647	not	h	50	50	3	0.030927835051546393	0.92	0.92	0.9335296537647592	0.9335296537647592	0.06039567648329884	0.06039567648329884	0.050143005745908034	0.050143005745908034	1.0	1.0	0.0288997888565063	0.0288997888565063	0.68	0.68	0.8337004339079431	0.8337004339079431	0.04426807206922436	0.04426807206922436	0.06787400204326	0.06787400204326	1.0	1.0	0.0891358501770918	0.0891358501770918	True	True
expanded_data	meaning_control	154	not_1663	not	h	50	50	4	0.041666666666666664	0.86	0.86	0.7937449194806336	0.7937449194806336	0.03082359455362693	0.03082359455362693	0.02178466049900761	0.02178466049900761	1.0	1.0	0.0384521484375	0.0384521484375	0.48	0.48	0.4979039576195658	0.4979039576195658	0.00845662217374759	0.00845662217374759	0.007434259335855995	0.007434259335855995	0.0	0.0	-0.0185635403582917	-0.0185635403582917	True	False
expanded_data	meaning_control	155	not_1668	not	h	50	50	2	0.02040816326530612	0.26	0.26	0.3708250336338569	0.3708250336338569	-0.18573815929760912	-0.18573815929760912	-0.05551722207843254	-0.05551722207843254	0.0	0.0	-0.0148545106252035	-0.0148545106252035	1.0	1.0	1.0	1.0	0.8735525616909804	0.8735525616909804	0.7197042537537176	0.7197042537537176	1.0	1.0	0.9282720470428468	0.9282720470428468	False	False
expanded_data	meaning_control	156	not_1686	not	h	50	50	9	0.0989010989010989	0.48	0.48	0.8036356168571094	0.8036356168571094	-0.1884130731691684	-0.1884130731691684	0.07553723357467623	0.07553723357467623	0.0	0.0	-0.7453758849038019	-0.7453758849038019	0.98	0.98	0.9415859469046242	0.9415859469046242	0.6132577855391576	0.6132577855391576	0.402487722162647	0.402487722162647	1.0	1.0	0.5118116259574892	0.5118116259574892	False	False
expanded_data	meaning_control	157	not_1697	not	h	50	50	0	0.0	0.66	0.66	0.6299390718754903	0.6299390718754903	0.01280702193143571	0.01280702193143571	0.013934095888328873	0.013934095888328873	1.0	1.0	0.0100414395332335	0.0100414395332335	0.88	0.88	0.8948498137664576	0.8948498137664576	0.06318669439334401	0.06318669439334401	0.04686402434283781	0.04686402434283781	1.0	1.0	0.1331597976386547	0.1331597976386547	True	True
expanded_data	meaning_control	158	not_1700	not	h	50	50	13	0.14942528735632185	0.96	0.96	0.9585558253700458	0.9585558253700458	0.1413740216353824	0.1413740216353824	0.12193842136414398	0.12193842136414398	0.0	0.0	-0.0025481550317061	-0.0025481550317061	0.52	0.52	0.5759531519567935	0.5759531519567935	0.009960489099166933	0.009960489099166933	0.03595012520015321	0.03595012520015321	0.0	0.0	-0.0839146205357144	-0.0839146205357144	True	False
expanded_data	meaning_control	159	not_1721	not	h	50	50	20	0.25	0.16	0.16	0.2760726597378776	0.2760726597378776	-0.037765791471835	-0.037765791471835	-0.013859164204308518	-0.013859164204308518	0.0	0.0	-0.0480174292688779	-0.0480174292688779	0.98	0.98	0.9610564571886349	0.9610564571886349	0.053981730779607676	0.053981730779607676	0.0341111560216991	0.0341111560216991	1.0	1.0	0.0193736282261935	0.0193736282261935	False	False
expanded_data	meaning_control	160	not_1754	not	h	50	50	4	0.041666666666666664	0.02	0.02	0.02548063364464585	0.02548063364464585	-0.048557166776401754	-0.048557166776401754	-0.039004411846401806	-0.039004411846401806	0.0	0.0	-0.036252146181853	-0.036252146181853	0.96	0.96	0.9447674204985385	0.9447674204985385	0.047097738357410525	0.047097738357410525	0.03271228359101976	0.03271228359101976	1.0	1.0	0.0877502759297694	0.0877502759297694	False	False
expanded_data	meaning_control	161	not_1760	not	h	50	50	0	0.0	1.0	1.0	1.0	1.0	0.16708785796473255	0.16708785796473255	0.16041113351662828	0.16041113351662828	1.0	1.0	0.0817759126987098	0.0817759126987098	0.96	0.96	0.9425946625003097	0.9425946625003097	0.529908680565359	0.529908680565359	0.4947769845775022	0.4947769845775022	1.0	1.0	0.74142285850313	0.74142285850313	True	True
expanded_data	meaning_control	162	not_1761	not	h	50	50	0	0.0	1.0	1.0	1.0	1.0	0.6265093829704216	0.6265093829704216	0.6030789249564429	0.6030789249564429	1.0	1.0	0.7056460597298368	0.7056460597298368	0.96	0.96	0.9999218213380533	0.9999218213380533	0.4750927756606047	0.4750927756606047	0.44706692146138727	0.44706692146138727	1.0	1.0	1.0334441328048705	1.0334441328048705	True	True
expanded_data	meaning_control	163	not_1774	not	h	50	50	1	0.010101010101010102	0.0	0.0	0.0	0.0	-0.46191812754133066	-0.46191812754133066	-0.2216428924773454	-0.2216428924773454	0.0	0.0	-0.7967868521809578	-0.7967868521809578	1.0	1.0	1.0	1.0	1.067388934674768	1.067388934674768	0.9688274239931983	0.9688274239931983	1.0	1.0	0.8797686525753563	0.8797686525753563	False	False
expanded_data	meaning_control	164	not_1776	not	h	50	50	0	0.0	1.0	1.0	1.0	1.0	1.0241784713149442	1.0241784713149442	0.7634181079667266	0.7634181079667266	1.0	1.0	1.0416191101074217	1.0416191101074217	0.98	0.98	0.9925363900897115	0.9925363900897115	0.40714969513972143	0.40714969513972143	0.4161467870536999	0.4161467870536999	1.0	1.0	0.2577139288187027	0.2577139288187027	True	True
expanded_data	meaning_control	165	not_1804	not	h	50	50	0	0.0	1.0	1.0	1.0	1.0	0.6372725799905549	0.6372725799905549	0.5895540237842678	0.5895540237842678	1.0	1.0	0.3471817459378925	0.3471817459378925	0.98	0.98	0.999394503113878	0.999394503113878	0.7638278297512072	0.7638278297512072	0.7693427546159285	0.7693427546159285	1.0	1.0	0.6878183881441751	0.6878183881441751	True	True
expanded_data	meaning_control	166	not_1819	not	h	50	50	15	0.17647058823529413	0.0	0.0	0.0	0.0	-0.04703718669734135	-0.04703718669734135	-0.04506194488150433	-0.04506194488150433	0.0	0.0	-0.049461618065834	-0.049461618065834	1.0	1.0	1.0	1.0	0.055913719423108084	0.055913719423108084	0.05644491598184542	0.05644491598184542	1.0	1.0	0.0335917279526993	0.0335917279526993	False	False
expanded_data	meaning_control	167	not_2047	not	h	50	50	0	0.0	0.9	0.9	0.9496563252607262	0.9496563252607262	0.18265471799732946	0.18265471799732946	0.2014591891689818	0.2014591891689818	1.0	1.0	0.1023968549875111	0.1023968549875111	1.0	1.0	1.0	1.0	0.707818644580514	0.707818644580514	0.6329267111162784	0.6329267111162784	1.0	1.0	1.0962623576728665	1.0962623576728665	True	True
expanded_data	meaning_control	168	not_2138	not	h	50	50	1	0.010101010101010102	1.0	1.0	1.0	1.0	0.052311067640931054	0.052311067640931054	0.04790495851974237	0.04790495851974237	1.0	1.0	0.0492979676224465	0.0492979676224465	0.0	0.0	0.0	0.0	-0.04512055210929534	-0.04512055210929534	-0.040447933626627075	-0.040447933626627075	0.0	0.0	-0.0730242673740833	-0.0730242673740833	False	False
expanded_data	meaning_control	169	not_2142	not	h	50	50	1	0.010101010101010102	1.0	1.0	1.0	1.0	0.20584663847273646	0.20584663847273646	0.22212079171028498	0.22212079171028498	1.0	1.0	0.2065036171361018	0.2065036171361018	0.38	0.38	0.549705608036371	0.549705608036371	0.009363853841932824	0.009363853841932824	0.08066209949209278	0.08066209949209278	0.0	0.0	-0.0973826817103793	-0.0973826817103793	True	False
expanded_data	meaning_control	170	not_2148	not	h	50	50	0	0.0	0.98	0.98	0.9999809219941491	0.9999809219941491	1.5204816167562278	1.5204816167562278	1.5262934870915232	1.5262934870915232	1.0	1.0	2.039247717176165	2.039247717176165	1.0	1.0	1.0	1.0	1.0612571664809696	1.0612571664809696	1.1397890949093146	1.1397890949093146	1.0	1.0	1.2233672618865974	1.2233672618865974	True	True
expanded_data	meaning_control	171	not_2160	not	h	50	50	1	0.010101010101010102	1.0	1.0	1.0	1.0	0.2801700687793021	0.2801700687793021	0.22020667605425673	0.22020667605425673	1.0	1.0	0.1546632374326386	0.1546632374326386	0.12	0.12	0.15390236072100524	0.15390236072100524	-0.11034861580938443	-0.11034861580938443	-0.06845052315690411	-0.06845052315690411	1.0	1.0	0.0217583636020093	0.0217583636020093	False	True
expanded_data	meaning_control	172	not_2168	not	h	50	50	8	0.08695652173913043	0.16	0.16	0.2473538764838929	0.2473538764838929	-0.09294380196272974	-0.09294380196272974	-0.0694786700115819	-0.0694786700115819	0.0	0.0	-0.0356258995392742	-0.0356258995392742	1.0	1.0	1.0	1.0	0.16920469193240392	0.16920469193240392	0.15980368036283824	0.15980368036283824	1.0	1.0	0.0925441980361938	0.0925441980361938	False	False
expanded_data	meaning_control	173	not_2378	not	h	50	50	3	0.030927835051546393	0.28	0.28	0.4214544989511637	0.4214544989511637	-0.024319506439153322	-0.024319506439153322	-0.0072195262172046635	-0.0072195262172046635	1.0	1.0	0.0007743967903985	0.0007743967903985	0.96	0.96	0.9234157477741283	0.9234157477741283	0.03278319619298024	0.03278319619298024	0.017187000807990772	0.017187000807990772	1.0	1.0	0.0448001623153686	0.0448001623153686	False	True
expanded_data	meaning_control	174	not_2405	not	h	50	50	0	0.0	1.0	1.0	1.0	1.0	0.3133654248371484	0.3133654248371484	0.30818632436449267	0.30818632436449267	1.0	1.0	0.2118315110441115	0.2118315110441115	0.66	0.66	0.7349617867847078	0.7349617867847078	0.06154959665947813	0.06154959665947813	0.08894221952645609	0.08894221952645609	0.0	0.0	-0.0233597941696643	-0.0233597941696643	True	False
expanded_data	meaning_control	175	not_2456	not	h	50	50	11	0.12359550561797752	1.0	1.0	1.0	1.0	0.10735924443600071	0.10735924443600071	0.10488135111716958	0.10488135111716958	1.0	1.0	0.1047262445740078	0.1047262445740078	0.06	0.06	0.046857576669705504	0.046857576669705504	-0.08374296760042058	-0.08374296760042058	-0.07954635041741664	-0.07954635041741664	0.0	0.0	-0.0871144845372156	-0.0871144845372156	False	False
expanded_data	meaning_control	176	not_2467	not	h	50	50	3	0.030927835051546393	0.02	0.02	0.040534784855532066	0.040534784855532066	-0.4405404125571145	-0.4405404125571145	-0.2482977932479669	-0.2482977932479669	0.0	0.0	-0.4900625944137573	-0.4900625944137573	1.0	1.0	1.0	1.0	1.024771846851395	1.024771846851395	0.8575376634228445	0.8575376634228445	1.0	1.0	1.519222915172577	1.519222915172577	False	False
expanded_data	meaning_control	177	not_2497	not	h	50	50	1	0.010101010101010102	0.0	0.0	0.0	0.0	-0.8826001221996784	-0.8826001221996784	-0.5515444497186052	-0.5515444497186052	0.0	0.0	-0.4672503305806055	-0.4672503305806055	1.0	1.0	1.0	1.0	1.905251272112025	1.905251272112025	1.2348900221987997	1.2348900221987997	1.0	1.0	1.6602914988994597	1.6602914988994597	False	False
expanded_data	meaning_control	178	not_2551	not	h	50	50	3	0.030927835051546393	1.0	1.0	1.0	1.0	0.3099914178652655	0.3099914178652655	0.3014017640995672	0.3014017640995672	1.0	1.0	0.5491192065752468	0.5491192065752468	0.5	0.5	0.5239765600633559	0.5239765600633559	0.058329264106933815	0.058329264106933815	0.10464296621977517	0.10464296621977517	1.0	1.0	0.5498500307401022	0.5498500307401022	True	True
expanded_data	meaning_control	179	not_2698	not	h	50	50	0	0.0	0.98	0.98	0.9938689372594671	0.9938689372594671	0.2218438862274361	0.2218438862274361	0.2178140105572061	0.2178140105572061	1.0	1.0	0.164398499510505	0.164398499510505	0.96	0.96	0.9542156951603861	0.9542156951603861	0.15973281700015304	0.15973281700015304	0.11418038181526637	0.11418038181526637	1.0	1.0	0.323306846618653	0.323306846618653	True	True
